PLAYER_ID,TEAM_ABBREVIATION,defense_address_PLAYER,defense_address_GP,defense_address_MIN,defense_address_BLK,defense_address_STL,defense_address_FGM_DEFEND_RIM,defense_address_FGA_DEFEND_RIM,defense_address_FGP_DEFEND_RIM,defense_address_BLK_TOT,drives_address_DVS,drives_address_DPP,drives_address_DTP,drives_address_FG_PCT,drives_address_PTS_48,drives_address_DPP_TOT,drives_address_DVS_TOT,shooting_address_PTS,shooting_address_PTS_CLOSE,shooting_address_FGP_CLOSE,shooting_address_PTS_CATCH_SHOOT,shooting_address_FGP_CATCH_SHOOT,shooting_address_PTS_PULL_UP,shooting_address_FGP_PULL_UP,shooting_address_FGA_DRIVE,shooting_address_FGA_CLOSE,shooting_address_FGA_CATCH_SHOOT,shooting_address_FGA_PULL_UP,shooting_address_EFG_PCT,shooting_address_CFGM,shooting_address_CFGA,shooting_address_CFGP,shooting_address_UFGM,shooting_address_UFGA,shooting_address_UFGP,shooting_address_CFG3M,shooting_address_CFG3A,shooting_address_CFG3P,shooting_address_UFG3M,shooting_address_UFG3A,shooting_address_UFG3P,passing_address_PASS,passing_address_AST,passing_address_AST_FT,passing_address_AST_SEC,passing_address_AST_POT,passing_address_PTS_CRT,passing_address_PTS_CRT_48,passing_address_AST_TOT,speed_address_DIST,speed_address_AV_SPD,speed_address_DIST_PG,speed_address_DIST_48,speed_address_DIST_OFF,speed_address_DIST_DEF,speed_address_AV_SPD_OFF,pullup_address_FGM,pullup_address_FG3M,pullup_address_FG3A,pullup_address_FG3_PCT,pullup_address_EFG_PCT,pullup_address_PTS_TOT,rebounding_address_REB,rebounding_address_REB_CHANCE,rebounding_address_REB_COL_PCT,rebounding_address_REB_CONTESTED,rebounding_address_REB_UNCONTESTED,rebounding_address_REB_UNCONTESTED_PCT,rebounding_address_REB_TOT,rebounding_address_OREB,rebounding_address_OREB_CHANCE,rebounding_address_OREB_COL_PCT,rebounding_address_OREB_CONTESTED,rebounding_address_OREB_UNCONTESTED,rebounding_address_OREB_UNCONTESTED_PCT,rebounding_address_DREB,rebounding_address_DREB_CHANCE,rebounding_address_DREB_COL_PCT,rebounding_address_DREB_CONTESTED,rebounding_address_DREB_UNCONTESTED,rebounding_address_DREB_UNCONTESTED_PCT,touches_address_TCH,touches_address_FC_TCH,touches_address_TOP,touches_address_CL_TCH,touches_address_EL_TCH,touches_address_PTS_TCH,touches_address_PTS_HCCT,touches_address_TCH_TOT,catchshoot_address_FGM,catchshoot_address_FG3M,catchshoot_address_FG3A,catchshoot_address_FG3_PCT,catchshoot_address_EFG_PCT,catchshoot_address_PTS_TOT
101106,GSW,Andrew Bogut,70.0,20.8,1.6,0.5,2.9,6.5,0.451,114.0,0.2,0.1,0.2,0.333,0.2,6.0,12.0,5.4,3.1,0.736,0.1,0.273,0.1,0.235,0.1,2.1,0.2,0.2,0.629,0.0,0.2,0.077,0.1,0.2,0.375,0.0,0.0,,0.0,0.0,1.0,30.4,2.3,0.1,0.7,4.3,5.6,13.0,162.0,91.3,3.8,1.3,3.0,47.7,43.6,0.0,0.1,0.0,0.0,1.0,0.265,9.0,7.0,11.6,0.604,2.9,4.1,0.413,492.0,1.7,3.0,0.573,1.3,0.5,0.727,5.3,8.6,0.614,1.6,3.7,0.31,36.6,19.6,1.0,3.4,2.0,0.146,0.273,2561.0,0.0,0.0,0.0,,0.273,6.0
101107,CHA,Marvin Williams,81.0,28.9,1.0,0.7,2.1,4.8,0.451,77.0,1.6,1.0,1.8,0.423,1.7,83.0,131.0,11.7,0.9,0.64,6.3,0.414,0.5,0.373,1.0,0.6,5.3,0.6,0.554,0.4,0.9,0.447,2.1,5.2,0.398,0.2,0.4,0.457,1.7,4.2,0.397,45.3,1.4,0.2,0.4,2.8,3.5,5.9,110.0,162.8,4.2,2.0,3.3,90.8,72.1,0.0,0.2,0.0,0.1,0.0,0.373,38.0,6.4,11.3,0.5670000000000001,1.9,4.6,0.28800000000000003,521.0,1.6,2.8,0.5670000000000001,1.1,0.5,0.677,4.9,8.6,0.5670000000000001,0.8,4.1,0.162,56.7,27.7,1.0,1.0,1.4,0.206,0.422,4593.0,2.2,1.9,4.5,0.415,0.591,508.0
101112,TOTAL,Channing Frye,69.0,17.1,0.3,0.4,1.5,2.9,0.515,24.0,0.3,0.2,0.3,0.455,0.5,12.0,20.0,6.1,0.6,0.68,4.3,0.4,0.2,0.348,0.2,0.4,3.7,0.3,0.568,0.3,0.7,0.373,1.3,3.3,0.404,0.2,0.5,0.333,1.2,2.9,0.396,23.8,1.0,0.1,0.3,1.7,2.3,6.6,69.0,77.4,3.9,1.1,3.2,42.7,34.7,0.0,0.1,0.0,0.1,0.167,0.37,17.0,3.3,5.8,0.5710000000000001,0.9,2.4,0.285,228.0,0.5,1.0,0.515,0.4,0.1,0.7709999999999999,2.8,4.8,0.583,0.6,2.2,0.19699999999999998,30.1,16.7,0.6,0.7,1.2,0.203,0.365,2078.0,1.5,1.3,3.3,0.395,0.576,294.0
101133,IND,Ian Mahinmi,71.0,25.6,1.1,0.9,3.3,6.6,0.497,75.0,0.5,0.3,0.6,0.563,0.6,23.0,35.0,9.3,4.3,0.611,0.4,0.319,0.0,0.0,0.2,3.0,0.7,0.0,0.589,0.0,0.1,0.125,0.2,0.7,0.306,0.0,0.0,,0.0,0.0,,31.8,1.5,0.2,0.4,3.2,3.7,6.9,104.0,122.2,4.0,1.7,3.2,64.1,58.1,0.0,0.0,0.0,0.0,,0.0,0.0,7.1,12.9,0.555,2.7,4.5,0.373,507.0,1.9,4.2,0.462,1.2,0.7,0.623,5.2,8.7,0.6,1.5,3.7,0.27899999999999997,41.5,24.6,0.9,4.8,4.0,0.224,0.378,2947.0,0.2,0.0,0.0,,0.319,30.0
101135,TOTAL,David Lee,54.0,16.4,0.5,0.4,2.1,3.8,0.546,27.0,0.7,0.5,0.6,0.462,1.5,27.0,38.0,7.9,3.3,0.637,0.2,0.316,0.2,0.556,0.5,2.1,0.4,0.2,0.536,0.0,0.1,0.333,0.2,0.5,0.407,0.0,0.0,0.0,0.0,0.0,,25.0,1.5,0.1,0.2,3.2,3.7,10.8,80.0,61.6,4.2,1.1,3.3,32.3,29.3,0.0,0.1,0.0,0.0,,0.556,10.0,5.6,10.5,0.532,2.3,3.3,0.41100000000000003,302.0,1.9,3.8,0.483,1.5,0.4,0.81,3.7,6.7,0.56,0.8,2.9,0.213,33.9,20.8,0.8,3.1,2.5,0.232,0.378,1830.0,0.1,0.0,0.0,0.0,0.316,12.0
101138,LAL,Brandon Bass,66.0,20.4,0.8,0.5,2.0,3.7,0.549,55.0,0.5,0.3,0.6,0.4,0.7,20.0,30.0,7.2,2.8,0.667,0.7,0.444,0.2,0.318,0.2,1.6,0.8,0.3,0.549,0.1,0.5,0.29,0.3,0.8,0.411,0.0,0.0,0.0,0.0,0.0,0.0,19.0,1.1,0.1,0.2,2.3,2.7,6.5,74.0,92.6,4.1,1.4,3.3,50.4,42.2,0.0,0.1,0.0,0.0,0.0,0.318,14.0,4.3,9.0,0.48200000000000004,1.6,2.7,0.37200000000000005,285.0,1.6,3.5,0.444,1.1,0.5,0.6829999999999999,2.7,5.4,0.507,0.5,2.2,0.193,26.0,15.5,0.8,3.0,2.5,0.275,0.462,1719.0,0.4,0.0,0.0,,0.444,48.0
101141,DET,Ersan Ilyasova,52.0,27.6,0.5,0.7,2.7,4.5,0.587,27.0,1.2,0.9,1.3,0.477,1.6,49.0,61.0,11.3,1.3,0.565,4.6,0.396,1.4,0.333,0.8,0.9,4.3,1.7,0.502,0.4,1.3,0.271,2.0,4.8,0.412,0.1,0.6,0.194,1.4,3.5,0.393,35.4,1.1,0.1,0.3,2.2,2.6,4.5,55.0,97.3,4.1,1.9,3.2,53.6,43.7,0.0,0.6,0.2,0.8,0.3,0.4,72.0,5.4,11.7,0.46299999999999997,2.1,3.3,0.38299999999999995,282.0,1.9,4.6,0.414,1.3,0.6,0.6970000000000001,3.5,7.1,0.495,0.8,2.8,0.213,48.5,24.7,1.1,1.4,1.6,0.234,0.459,2521.0,1.7,1.2,3.3,0.38,0.543,241.0
101141,TOTAL,Ersan Ilyasova,74.0,25.5,0.4,0.7,2.6,4.3,0.606,33.0,1.0,0.7,1.0,0.404,1.4,54.0,75.0,10.4,1.6,0.632,4.0,0.391,1.2,0.33,0.7,1.0,3.7,1.5,0.496,0.3,1.2,0.233,1.7,4.2,0.416,0.1,0.5,0.216,1.2,3.0,0.398,30.7,0.9,0.1,0.3,2.0,2.2,4.2,67.0,129.4,4.1,1.7,3.3,71.0,58.5,0.0,0.5,0.2,0.6,0.319,0.397,89.0,5.4,11.2,0.48700000000000004,2.2,3.2,0.40700000000000003,403.0,1.9,4.5,0.436,1.4,0.5,0.736,3.5,6.7,0.52,0.8,2.7,0.22399999999999998,42.7,21.7,1.0,1.6,1.3,0.243,0.478,3158.0,1.5,1.1,2.8,0.385,0.536,296.0
101161,BOS,Amir Johnson,78.0,22.8,1.0,0.7,2.7,5.8,0.476,81.0,0.6,0.4,0.5,0.5,0.9,35.0,44.0,7.3,3.2,0.685,0.4,0.261,0.2,0.357,0.4,2.1,0.6,0.2,0.597,0.0,0.1,0.429,0.2,0.7,0.241,0.0,0.0,0.0,0.1,0.5,0.238,32.7,1.7,0.2,0.6,3.3,4.1,8.7,135.0,119.5,4.0,1.5,3.2,60.6,58.9,0.0,0.1,0.0,0.1,0.286,0.429,12.0,6.4,12.9,0.493,2.8,3.6,0.442,498.0,2.3,5.2,0.434,1.6,0.7,0.684,4.1,7.7,0.5329999999999999,1.3,2.8,0.308,40.7,23.4,0.8,3.3,1.6,0.181,0.314,3174.0,0.2,0.1,0.4,0.229,0.348,32.0
101162,WAS,Marcin Gortat,75.0,30.1,1.3,0.6,4.0,7.9,0.508,96.0,0.1,0.1,0.1,0.6,0.1,7.0,5.0,13.5,7.4,0.633,1.4,0.402,0.3,0.333,0.1,5.1,1.7,0.5,0.567,0.3,1.0,0.347,0.6,1.4,0.429,0.0,0.0,,0.0,0.0,0.0,34.1,1.4,0.1,0.5,2.9,3.3,5.3,106.0,157.0,4.2,2.1,3.3,82.4,74.6,0.0,0.2,0.0,0.0,,0.333,26.0,9.9,17.9,0.5529999999999999,3.5,6.4,0.35200000000000004,741.0,3.0,6.2,0.48100000000000004,2.0,1.0,0.6709999999999999,6.9,11.7,0.59,1.5,5.4,0.21600000000000003,47.7,25.6,1.0,7.4,3.9,0.283,0.527,3574.0,0.7,0.0,0.0,0.0,0.402,102.0
1495,SAS,Tim Duncan,61.0,25.2,1.3,0.8,3.3,7.0,0.47,78.0,0.2,0.3,0.4,0.7,0.6,19.0,15.0,8.6,4.2,0.549,0.8,0.316,0.5,0.4,0.2,3.2,1.3,0.7,0.488,0.2,0.5,0.364,0.5,1.6,0.32,0.0,0.0,0.0,0.0,0.0,0.0,34.1,2.7,0.2,0.4,4.4,5.9,11.2,163.0,96.9,3.8,1.6,3.0,52.7,44.2,0.0,0.3,0.0,0.0,0.0,0.4,32.0,7.3,12.8,0.5720000000000001,3.0,4.4,0.40299999999999997,447.0,1.9,3.9,0.483,1.3,0.6,0.7040000000000001,5.4,8.9,0.611,1.6,3.8,0.298,45.5,27.7,1.2,5.4,5.8,0.188,0.309,2776.0,0.4,0.0,0.0,,0.316,50.0
1626143,PHI,Jahlil Okafor,53.0,30.0,1.2,0.4,4.0,8.0,0.5,61.0,2.7,2.5,3.2,0.525,3.9,130.0,141.0,17.5,3.9,0.589,1.1,0.384,1.8,0.345,1.9,3.0,1.4,2.7,0.509,0.6,1.9,0.33,1.0,2.7,0.357,0.0,0.0,0.0,0.0,0.1,0.25,31.7,1.2,0.1,0.3,2.7,2.9,4.7,65.0,107.3,4.1,2.0,3.2,58.3,49.0,0.0,0.9,0.0,0.0,0.0,0.345,98.0,7.0,15.4,0.456,3.0,4.1,0.42100000000000004,373.0,2.3,5.8,0.395,1.7,0.6,0.738,4.7,9.6,0.493,1.3,3.5,0.267,52.5,36.5,2.1,4.7,4.9,0.333,0.479,2784.0,0.5,0.0,0.1,0.25,0.39,57.0
1626144,DEN,Emmanuel Mudiay,68.0,30.5,0.5,1.0,1.3,2.5,0.532,35.0,7.6,3.4,7.8,0.376,5.3,228.0,514.0,12.8,0.5,0.577,2.3,0.358,4.2,0.326,3.2,0.4,2.2,5.8,0.404,0.8,2.8,0.286,1.9,5.4,0.352,0.2,0.8,0.241,0.9,2.6,0.343,53.1,5.5,0.6,1.2,10.6,12.6,19.9,372.0,151.1,4.4,2.2,3.5,86.0,65.1,0.0,1.9,0.4,1.3,0.308,0.361,286.0,3.4,7.1,0.48100000000000004,0.8,2.6,0.22399999999999998,232.0,0.5,1.4,0.337,0.3,0.2,0.563,2.9,5.7,0.517,0.5,2.4,0.17,74.0,65.5,5.7,0.6,0.9,0.173,0.196,5032.0,0.8,0.7,2.0,0.346,0.51,154.0
1626156,LAL,D'Angelo Russell,80.0,28.3,0.2,1.2,1.2,2.0,0.625,13.0,3.6,2.3,4.4,0.486,3.9,185.0,286.0,13.2,0.8,0.634,3.3,0.379,4.4,0.349,1.8,0.5,3.0,5.5,0.478,1.1,3.5,0.305,2.1,5.2,0.395,0.2,1.0,0.167,1.4,3.6,0.406,47.5,3.3,0.4,0.6,7.0,7.8,13.2,266.0,163.3,4.3,2.0,3.5,90.9,72.4,0.0,1.9,0.6,1.7,0.331,0.401,352.0,3.4,6.7,0.508,0.7,2.7,0.201,274.0,0.6,1.8,0.33299999999999996,0.3,0.3,0.511,2.8,5.0,0.57,0.4,2.4,0.13699999999999998,65.6,53.5,4.9,1.2,0.7,0.201,0.246,5249.0,1.1,1.0,2.8,0.368,0.548,263.0
1626157,MIN,Karl-Anthony Towns,82.0,32.0,1.7,0.7,4.4,8.9,0.496,138.0,1.4,1.3,1.8,0.603,2.0,108.0,118.0,18.3,4.1,0.586,4.3,0.47,1.2,0.411,0.9,2.9,4.2,1.4,0.555,0.3,0.7,0.456,2.5,5.5,0.463,0.0,0.1,0.4,0.3,1.0,0.337,36.1,2.0,0.3,0.6,4.0,4.7,7.0,161.0,174.8,4.0,2.1,3.2,91.4,83.4,0.0,0.6,0.0,0.1,0.333,0.429,96.0,10.5,19.5,0.537,4.2,6.2,0.40399999999999997,857.0,2.8,6.4,0.433,2.0,0.8,0.7240000000000001,7.7,13.0,0.588,2.2,5.5,0.28800000000000003,55.3,32.3,1.5,4.7,6.1,0.332,0.568,4533.0,2.0,0.3,0.9,0.343,0.504,350.0
1626158,PHI,Richaun Holmes,51.0,13.8,0.8,0.4,1.6,3.5,0.475,40.0,0.3,0.2,0.4,0.333,0.7,10.0,15.0,5.6,2.2,0.614,0.6,0.226,0.0,0.167,0.2,1.4,1.0,0.1,0.532,0.0,0.1,0.0,0.3,1.2,0.254,0.0,0.0,0.0,0.2,0.8,0.195,15.9,0.6,0.0,0.1,1.1,1.5,5.3,33.0,49.5,4.2,1.0,3.4,26.6,22.9,0.0,0.0,0.0,0.1,0.0,0.167,2.0,2.6,6.6,0.402,1.4,1.3,0.511,135.0,1.2,2.9,0.41600000000000004,1.0,0.2,0.8059999999999999,1.4,3.7,0.39,0.4,1.1,0.26,22.0,12.4,0.5,2.4,1.8,0.255,0.453,1124.0,0.2,0.2,0.7,0.211,0.302,32.0
1626159,MIA,Justise Winslow,78.0,28.7,0.3,0.9,1.7,3.2,0.547,26.0,2.1,0.9,1.9,0.338,1.5,69.0,160.0,6.5,1.4,0.564,1.6,0.308,0.4,0.292,1.0,1.0,1.9,0.6,0.458,0.1,0.3,0.174,0.7,2.2,0.32,0.0,0.1,0.125,0.4,1.4,0.287,31.7,1.5,0.2,0.6,3.2,3.4,5.7,117.0,155.1,4.2,2.0,3.3,82.6,72.4,0.0,0.2,0.0,0.1,0.125,0.302,29.0,5.2,10.1,0.513,1.4,3.7,0.278,403.0,1.0,2.6,0.395,0.7,0.4,0.654,4.1,7.4,0.555,0.8,3.4,0.183,40.8,25.5,1.2,1.9,1.2,0.158,0.254,3181.0,0.6,0.4,1.3,0.295,0.414,121.0
1626161,SAC,Willie Cauley-Stein,65.0,21.5,1.0,0.7,1.8,3.7,0.479,65.0,0.2,0.2,0.2,0.5,0.3,10.0,15.0,7.0,3.3,0.655,0.4,0.387,0.1,0.154,0.1,2.2,0.5,0.2,0.561,0.0,0.1,0.0,0.2,0.7,0.341,0.0,0.0,,0.0,0.0,0.0,15.8,0.6,0.1,0.3,1.1,1.3,2.9,36.0,104.5,4.5,1.6,3.6,55.1,49.3,0.0,0.0,0.0,0.0,,0.154,4.0,5.3,9.8,0.545,2.1,3.2,0.395,347.0,2.0,4.1,0.504,1.3,0.7,0.647,3.3,5.7,0.574,0.8,2.5,0.23800000000000002,22.7,11.0,0.5,3.6,0.8,0.309,0.634,1473.0,0.2,0.0,0.0,0.0,0.387,24.0
1626163,CHA,Frank Kaminsky,81.0,21.1,0.5,0.5,2.3,4.2,0.545,43.0,1.8,1.2,2.0,0.327,2.7,97.0,149.0,7.5,1.4,0.561,2.6,0.348,0.4,0.319,1.3,1.0,2.6,0.6,0.474,0.1,0.3,0.321,1.0,2.9,0.342,0.0,0.0,0.333,0.8,2.5,0.337,35.3,1.2,0.2,0.2,2.5,3.2,7.3,98.0,126.4,4.4,1.6,3.5,72.3,54.1,0.0,0.2,0.0,0.1,0.2,0.33,31.0,4.1,8.0,0.515,1.3,2.9,0.304,335.0,0.9,2.2,0.39399999999999996,0.5,0.3,0.594,3.3,5.9,0.5589999999999999,0.8,2.5,0.22899999999999998,44.0,20.4,0.9,1.6,1.3,0.17,0.367,3563.0,0.9,0.8,2.4,0.34,0.51,211.0
1626167,IND,Myles Turner,60.0,22.8,1.4,0.4,3.6,7.1,0.507,86.0,0.3,0.3,0.4,0.556,0.6,18.0,19.0,10.3,4.0,0.578,3.0,0.404,0.8,0.4,0.2,3.0,3.7,1.0,0.501,0.7,1.6,0.424,1.4,3.6,0.394,0.0,0.0,0.0,0.0,0.2,0.25,24.7,0.7,0.1,0.3,1.3,1.7,3.6,41.0,96.5,4.2,1.6,3.4,52.3,44.2,0.0,0.4,0.0,0.0,0.333,0.408,49.0,5.5,11.1,0.498,2.2,3.3,0.39799999999999996,332.0,1.1,2.9,0.389,0.8,0.3,0.75,4.4,8.2,0.5379999999999999,1.4,3.0,0.307,36.3,19.2,0.7,4.6,2.1,0.284,0.538,2178.0,1.5,0.0,0.2,0.182,0.408,182.0
1626168,UTA,Trey Lyles,80.0,17.3,0.2,0.3,1.6,3.0,0.55,18.0,1.7,1.0,1.7,0.385,2.7,79.0,136.0,6.1,0.6,0.512,2.4,0.409,0.9,0.468,1.0,0.5,2.3,1.0,0.494,0.4,0.7,0.509,1.1,2.6,0.401,0.0,0.1,0.364,0.6,1.5,0.385,27.5,0.7,0.1,0.2,2.0,2.0,5.5,59.0,96.8,4.2,1.2,3.4,53.9,42.8,0.0,0.5,0.0,0.1,0.167,0.475,75.0,3.7,7.5,0.499,1.1,2.6,0.29100000000000004,299.0,0.7,2.1,0.358,0.5,0.2,0.6609999999999999,3.0,5.4,0.5529999999999999,0.6,2.4,0.2,34.7,21.7,0.8,1.2,2.2,0.176,0.281,2779.0,0.9,0.6,1.5,0.397,0.541,196.0
1626171,CHI,Bobby Portis,62.0,17.8,0.4,0.4,2.0,3.7,0.552,22.0,0.6,0.3,0.6,0.333,0.9,20.0,38.0,7.0,1.4,0.61,2.0,0.424,0.5,0.197,0.4,1.0,2.1,1.1,0.445,0.1,0.8,0.176,1.0,2.7,0.385,0.0,0.1,0.0,0.3,0.8,0.333,23.4,0.8,0.1,0.3,1.7,2.1,5.8,52.0,80.1,4.4,1.3,3.5,42.9,37.2,0.0,0.2,0.0,0.1,0.0,0.197,28.0,5.4,10.2,0.5329999999999999,2.2,3.3,0.401,337.0,2.0,4.4,0.449,1.4,0.6,0.7070000000000001,3.5,5.8,0.598,0.8,2.7,0.22399999999999998,32.8,18.3,0.8,1.7,1.3,0.215,0.384,2031.0,0.9,0.2,0.7,0.333,0.481,127.0
1626204,LAL,Larry Nance Jr.,63.0,20.2,0.4,0.9,1.5,2.6,0.574,23.0,0.4,0.4,0.4,0.688,0.9,25.0,23.0,5.5,1.6,0.662,1.1,0.327,0.2,0.412,0.3,1.1,1.6,0.3,0.528,0.1,0.3,0.316,0.6,1.7,0.346,0.0,0.0,,0.0,0.2,0.1,27.4,0.7,0.1,0.2,1.7,1.7,4.1,44.0,93.8,4.4,1.5,3.5,52.0,41.8,0.0,0.1,0.0,0.0,0.0,0.412,14.0,5.0,9.3,0.532,1.6,3.3,0.327,312.0,1.6,3.3,0.488,1.0,0.6,0.634,3.3,6.0,0.557,0.6,2.7,0.18,33.9,14.5,0.7,2.1,2.7,0.163,0.382,2135.0,0.5,0.0,0.1,0.143,0.332,67.0
1717,DAL,Dirk Nowitzki,75.0,31.5,0.7,0.7,3.4,6.6,0.519,52.0,0.3,0.3,0.4,0.571,0.4,22.0,21.0,18.3,1.8,0.581,8.2,0.435,3.7,0.417,0.1,1.2,7.7,4.3,0.504,2.5,6.3,0.403,3.0,6.7,0.452,0.2,0.9,0.239,1.5,3.7,0.4,37.5,1.8,0.2,0.6,3.6,4.4,6.7,132.0,145.0,3.7,1.9,2.9,79.0,66.0,0.0,1.8,0.1,0.3,0.318,0.428,275.0,6.5,12.0,0.544,1.7,4.9,0.256,489.0,0.7,1.3,0.515,0.4,0.3,0.596,5.8,10.6,0.5479999999999999,1.3,4.6,0.215,56.7,37.1,1.3,2.0,3.9,0.323,0.492,4254.0,3.3,1.6,4.2,0.375,0.537,618.0
1718,LAC,Paul Pierce,68.0,18.1,0.2,0.5,1.2,2.4,0.485,17.0,1.4,0.7,1.6,0.371,1.9,48.0,97.0,6.1,0.1,0.25,3.2,0.322,1.4,0.44,0.5,0.1,3.5,1.5,0.457,0.7,1.8,0.369,1.2,3.4,0.354,0.2,0.8,0.286,0.9,2.7,0.317,19.1,1.0,0.1,0.2,2.0,2.5,6.5,71.0,75.5,3.7,1.1,2.9,40.2,35.4,0.0,0.6,0.1,0.2,0.308,0.46,92.0,2.7,5.5,0.495,0.8,1.9,0.301,186.0,0.2,0.5,0.387,0.1,0.1,0.33299999999999996,2.6,5.1,0.504,0.8,1.8,0.299,27.2,17.2,0.8,0.2,0.6,0.225,0.355,1853.0,1.1,1.0,3.2,0.307,0.464,219.0
200746,SAS,LaMarcus Aldridge,74.0,30.6,1.1,0.5,2.9,5.9,0.484,81.0,0.7,0.6,0.8,0.5,0.9,41.0,53.0,18.0,5.2,0.618,4.1,0.458,2.1,0.348,0.5,3.4,4.5,3.0,0.513,0.8,2.2,0.337,2.5,5.6,0.449,0.0,0.0,0.0,0.0,0.2,0.0,37.2,1.5,0.1,0.6,3.1,3.5,5.5,110.0,152.0,4.0,2.1,3.2,83.1,68.9,0.0,1.1,0.0,0.0,0.0,0.348,156.0,8.5,13.5,0.634,3.1,5.5,0.358,632.0,2.4,4.4,0.54,1.7,0.6,0.733,6.2,9.1,0.68,1.3,4.9,0.213,55.9,36.3,1.5,5.6,5.0,0.322,0.495,4133.0,2.1,0.0,0.2,0.0,0.458,304.0
200752,SAC,Rudy Gay,69.0,34.0,0.7,1.4,2.0,3.5,0.553,51.0,3.8,3.0,4.2,0.415,4.2,206.0,262.0,17.2,1.6,0.475,3.3,0.39,3.3,0.413,2.4,1.5,3.2,3.8,0.498,1.1,2.7,0.411,1.7,4.4,0.394,0.1,0.4,0.346,0.9,2.7,0.339,32.6,1.7,0.2,0.6,3.8,4.2,5.9,120.0,162.5,4.2,2.4,3.3,85.1,77.3,0.0,1.6,0.2,0.6,0.35,0.44,228.0,6.5,11.5,0.565,2.1,4.4,0.327,449.0,1.5,3.4,0.442,1.2,0.3,0.777,5.0,8.1,0.616,1.0,4.0,0.19399999999999998,52.1,33.8,1.9,2.0,1.9,0.33,0.509,3592.0,1.3,0.8,2.5,0.335,0.518,231.0
200768,TOR,Kyle Lowry,76.0,36.9,0.4,2.1,1.6,2.4,0.659,33.0,9.5,5.4,10.8,0.443,7.0,408.0,724.0,21.2,0.1,0.444,5.3,0.455,5.2,0.349,4.4,0.1,3.9,6.0,0.52,1.5,4.3,0.344,2.5,5.8,0.425,0.8,2.5,0.339,1.9,4.6,0.418,65.6,6.4,0.7,1.1,11.7,15.2,19.8,488.0,185.6,4.0,2.4,3.2,105.6,80.0,0.0,2.1,1.0,3.3,0.309,0.432,397.0,4.7,9.7,0.48200000000000004,1.2,3.5,0.24600000000000002,357.0,0.7,2.3,0.303,0.4,0.3,0.63,4.0,7.4,0.539,0.7,3.3,0.17800000000000002,91.5,79.7,6.5,0.7,0.7,0.232,0.266,6951.0,1.8,1.7,3.7,0.461,0.672,402.0
200782,PHX,PJ Tucker,82.0,31.0,0.2,1.3,1.1,2.2,0.494,20.0,2.1,1.0,1.9,0.412,1.5,82.0,173.0,8.0,1.0,0.471,2.6,0.365,0.4,0.254,1.0,0.9,2.5,0.8,0.469,0.1,0.6,0.191,1.0,2.8,0.358,0.0,0.3,0.154,0.8,2.2,0.356,31.3,2.2,0.3,0.6,4.3,5.2,8.0,177.0,169.6,4.0,2.1,3.2,87.5,82.1,0.0,0.2,0.0,0.3,0.115,0.278,35.0,6.2,11.0,0.565,2.1,4.1,0.336,512.0,2.0,4.2,0.48200000000000004,1.3,0.7,0.655,4.2,6.9,0.615,0.8,3.5,0.184,41.8,31.5,1.1,1.9,0.7,0.19,0.252,3425.0,0.9,0.8,2.1,0.371,0.525,213.0
200794,ATL,Paul Millsap,81.0,32.8,1.7,1.8,4.0,8.1,0.492,139.0,4.0,2.6,4.3,0.424,3.8,209.0,321.0,17.1,3.6,0.625,3.7,0.38,1.2,0.378,2.0,2.4,3.7,1.6,0.505,0.5,1.3,0.371,1.6,4.3,0.376,0.0,0.1,0.167,0.9,2.7,0.327,45.0,3.3,0.2,0.7,6.6,8.0,11.7,265.0,183.0,4.1,2.3,3.3,96.7,86.3,0.0,0.6,0.0,0.2,0.188,0.39,99.0,9.0,18.0,0.501,3.4,5.6,0.376,732.0,2.4,5.4,0.449,1.8,0.7,0.7170000000000001,6.6,12.6,0.524,1.6,5.0,0.249,64.8,46.6,2.1,4.6,4.1,0.264,0.367,5246.0,1.4,0.9,2.6,0.33,0.495,297.0
201142,OKC,Kevin Durant,72.0,35.9,1.2,1.0,1.5,3.0,0.507,85.0,4.6,4.1,5.9,0.573,5.4,293.0,334.0,28.2,2.0,0.816,5.8,0.439,8.5,0.446,2.4,1.1,4.9,8.3,0.573,3.5,7.8,0.449,2.6,5.9,0.442,1.0,2.7,0.364,1.6,4.0,0.402,37.3,5.0,0.3,0.8,9.9,11.7,15.6,361.0,162.0,3.8,2.3,3.0,87.4,74.6,0.0,3.7,1.1,2.9,0.372,0.511,611.0,8.2,11.3,0.726,1.6,6.6,0.195,589.0,0.6,1.1,0.57,0.4,0.2,0.6890000000000001,7.6,10.2,0.743,1.2,6.4,0.154,65.2,53.4,3.4,1.6,4.1,0.432,0.527,4698.0,2.2,1.5,3.7,0.408,0.592,418.0
201143,ATL,Al Horford,82.0,32.2,1.5,0.8,4.1,8.3,0.494,121.0,1.3,0.9,1.5,0.582,1.4,77.0,110.0,15.2,3.7,0.675,6.2,0.417,0.3,0.324,0.7,2.5,6.1,0.5,0.547,0.1,0.4,0.333,2.9,6.9,0.418,0.0,0.1,0.333,1.0,3.0,0.344,47.1,3.2,0.3,0.8,6.6,7.9,11.7,263.0,175.7,4.0,2.1,3.2,92.4,83.2,0.0,0.1,0.0,0.1,0.2,0.338,25.0,7.3,13.5,0.5379999999999999,2.5,4.7,0.349,596.0,1.8,3.6,0.507,1.2,0.6,0.682,5.5,10.0,0.5489999999999999,1.3,4.2,0.239,63.6,43.0,1.5,4.8,4.4,0.239,0.354,5216.0,2.6,1.0,3.0,0.352,0.503,506.0
201145,MEM,Jeff Green,53.0,29.2,0.4,0.8,1.5,2.9,0.51,19.0,3.8,3.0,4.2,0.404,4.9,159.0,201.0,12.2,1.4,0.653,2.2,0.328,2.1,0.383,2.7,0.9,2.4,2.5,0.469,0.6,1.5,0.383,1.3,3.7,0.354,0.1,0.4,0.143,0.7,2.2,0.339,30.8,1.8,0.2,0.5,3.9,4.5,7.5,98.0,101.2,3.9,1.9,3.1,55.0,46.2,0.0,1.0,0.2,0.5,0.276,0.414,110.0,4.5,7.8,0.5820000000000001,1.3,3.3,0.282,241.0,1.0,2.0,0.519,0.7,0.4,0.655,3.5,5.8,0.604,0.6,2.9,0.172,45.4,34.7,1.8,1.6,1.3,0.268,0.351,2408.0,0.8,0.6,1.9,0.327,0.457,117.0
201145,TOTAL,Jeff Green,80.0,28.2,0.5,0.7,1.7,3.2,0.528,40.0,3.8,3.0,4.4,0.409,5.2,244.0,304.0,11.7,1.3,0.629,2.5,0.35,1.7,0.362,2.7,0.9,2.5,2.2,0.47,0.5,1.3,0.387,1.3,3.7,0.35,0.1,0.3,0.2,0.8,2.4,0.33,28.6,1.7,0.1,0.5,3.4,4.2,7.2,138.0,148.1,3.9,1.9,3.1,79.6,68.4,0.0,0.8,0.1,0.5,0.195,0.384,136.0,4.2,7.6,0.542,1.2,2.9,0.292,332.0,0.9,1.8,0.521,0.6,0.3,0.662,3.2,5.9,0.5489999999999999,0.6,2.6,0.18600000000000003,42.7,32.1,1.7,1.4,1.2,0.275,0.366,3413.0,0.9,0.7,2.1,0.349,0.493,200.0
201150,CHA,Spencer Hawes,57.0,18.2,0.5,0.4,2.2,4.3,0.51,27.0,0.5,0.4,0.4,0.444,1.0,22.0,31.0,6.0,1.8,0.539,2.2,0.354,0.4,0.294,0.3,1.3,2.2,0.6,0.467,0.1,0.5,0.207,0.9,2.5,0.373,0.0,0.1,0.667,0.6,1.7,0.364,20.7,1.9,0.2,0.3,3.7,4.6,12.2,109.0,70.0,4.1,1.2,3.2,39.0,31.0,0.0,0.2,0.1,0.1,0.6,0.338,23.0,4.3,8.5,0.501,1.4,2.9,0.324,244.0,0.9,2.1,0.429,0.6,0.3,0.647,3.4,6.5,0.524,0.8,2.6,0.23800000000000002,28.1,19.1,0.7,2.3,2.0,0.212,0.313,1600.0,0.8,0.6,1.7,0.365,0.492,125.0
201152,BKN,Thaddeus Young,73.0,33.0,0.5,1.5,2.8,5.2,0.542,37.0,3.1,2.3,3.6,0.503,3.4,170.0,225.0,15.1,3.9,0.573,1.0,0.357,1.1,0.417,2.0,3.1,1.3,1.3,0.518,0.2,0.5,0.314,1.0,2.5,0.406,0.0,0.1,0.25,0.1,0.4,0.231,46.3,1.9,0.2,0.6,3.5,4.4,6.3,136.0,170.0,4.2,2.3,3.4,91.3,78.7,0.0,0.5,0.0,0.1,0.4,0.427,82.0,9.0,16.1,0.561,3.0,6.0,0.332,660.0,2.4,6.0,0.39899999999999997,1.7,0.7,0.705,6.6,10.1,0.6579999999999999,1.3,5.3,0.196,63.9,34.7,1.8,4.6,3.5,0.236,0.435,4664.0,0.5,0.1,0.3,0.208,0.383,75.0
201160,ORL,Jason Smith,75.0,15.2,0.9,0.4,2.2,4.2,0.522,64.0,0.5,0.5,0.5,0.423,1.4,34.0,39.0,7.1,0.6,0.45,4.6,0.482,0.4,0.485,0.3,0.5,4.7,0.4,0.488,0.3,0.7,0.365,2.2,4.5,0.494,0.0,0.0,1.0,0.0,0.2,0.231,20.4,0.8,0.1,0.1,1.6,1.8,5.8,58.0,80.7,4.2,1.1,3.4,43.8,36.9,0.0,0.2,0.0,0.0,0.0,0.485,32.0,2.9,6.6,0.431,1.2,1.7,0.41100000000000003,214.0,0.7,2.0,0.349,0.5,0.2,0.654,2.2,4.6,0.467,0.7,1.4,0.33299999999999996,28.2,16.0,0.6,0.8,2.2,0.25,0.441,2116.0,2.3,0.1,0.2,0.333,0.487,346.0
201162,WAS,Jared Dudley,81.0,25.9,0.2,0.9,2.4,4.4,0.535,18.0,1.2,0.4,1.2,0.533,0.7,31.0,97.0,7.9,0.7,0.719,5.0,0.446,0.7,0.448,0.2,0.4,4.3,0.7,0.581,0.2,0.6,0.28,2.1,4.5,0.462,0.1,0.2,0.316,1.2,2.7,0.429,37.9,2.1,0.3,0.5,3.9,5.0,9.2,170.0,150.3,4.3,1.9,3.4,81.4,68.9,0.0,0.3,0.0,0.1,0.273,0.474,55.0,3.5,8.3,0.423,0.8,2.7,0.22399999999999998,286.0,0.7,2.0,0.33799999999999997,0.3,0.4,0.444,2.9,6.4,0.45,0.5,2.4,0.172,46.4,23.5,0.8,1.1,1.8,0.17,0.335,3758.0,1.9,1.2,2.8,0.431,0.584,409.0
201188,MEM,Marc Gasol,52.0,34.5,1.3,1.0,3.2,7.0,0.457,70.0,0.3,0.2,0.3,0.455,0.3,12.0,15.0,16.6,5.2,0.515,4.7,0.482,1.0,0.346,0.2,3.9,4.9,1.5,0.465,0.7,1.5,0.436,2.6,6.1,0.435,0.0,0.0,,0.0,0.1,0.667,47.7,3.8,0.5,0.7,8.2,9.0,12.5,196.0,107.1,3.6,2.1,2.9,58.2,49.0,0.0,0.5,0.0,0.0,,0.346,54.0,7.0,12.4,0.56,2.7,4.3,0.381,362.0,1.1,2.4,0.46,0.8,0.3,0.69,5.8,10.0,0.585,1.9,4.0,0.322,68.2,48.7,2.1,7.7,12.7,0.243,0.34,3545.0,2.3,0.0,0.0,1.0,0.486,246.0
201229,DET,Anthony Tolliver,72.0,18.7,0.2,0.4,1.2,2.3,0.521,16.0,0.3,0.2,0.3,0.538,0.6,17.0,25.0,5.3,0.3,0.636,4.2,0.371,0.0,0.125,0.2,0.2,3.8,0.1,0.533,0.1,0.4,0.31,1.3,3.7,0.362,0.1,0.3,0.292,1.3,3.4,0.367,24.2,0.7,0.1,0.2,1.8,1.8,4.6,52.0,92.1,4.1,1.3,3.3,51.3,40.8,0.0,0.0,0.0,0.1,0.0,0.125,2.0,3.2,6.2,0.509,0.8,2.4,0.258,229.0,0.5,1.5,0.368,0.2,0.3,0.462,2.6,4.8,0.552,0.6,2.1,0.21600000000000003,30.1,14.6,0.6,0.4,2.1,0.177,0.365,2167.0,1.4,1.3,3.6,0.371,0.545,300.0
201566,OKC,Russell Westbrook,80.0,34.5,0.2,2.0,1.2,2.0,0.574,20.0,10.1,7.1,13.2,0.507,9.9,570.0,806.0,23.5,0.5,0.486,1.1,0.313,7.0,0.37,4.8,0.4,1.2,8.2,0.489,1.3,3.6,0.366,2.2,6.1,0.361,0.2,0.9,0.187,1.1,3.3,0.328,58.3,10.4,1.2,1.7,18.3,23.6,32.9,834.0,188.2,4.1,2.4,3.3,102.1,86.1,0.0,3.0,0.9,3.1,0.285,0.423,558.0,7.8,12.2,0.64,1.9,5.9,0.248,626.0,1.8,3.6,0.505,1.0,0.8,0.5720000000000001,6.0,8.6,0.696,0.9,5.1,0.15,88.8,77.7,8.1,1.2,0.7,0.264,0.302,7103.0,0.4,0.4,1.1,0.33,0.46,91.0
201567,CLE,Kevin Love,77.0,31.5,0.5,0.8,3.5,6.5,0.541,41.0,1.3,1.0,1.6,0.396,1.6,79.0,101.0,16.0,2.8,0.535,6.6,0.381,1.2,0.344,0.6,2.0,6.1,1.6,0.499,0.4,1.0,0.338,2.6,7.0,0.37,0.2,0.5,0.429,1.8,5.2,0.353,44.4,2.4,0.2,0.8,4.2,5.8,8.8,185.0,159.5,4.0,2.1,3.2,85.8,73.8,0.0,0.6,0.1,0.4,0.312,0.384,96.0,9.9,16.6,0.595,3.2,6.7,0.32299999999999995,762.0,1.9,4.1,0.47600000000000003,1.2,0.7,0.638,8.0,12.6,0.634,2.0,6.0,0.24600000000000002,63.1,36.9,1.7,3.9,3.7,0.254,0.434,4857.0,2.3,1.9,5.2,0.368,0.537,505.0
201572,BKN,Brook Lopez,73.0,33.7,1.7,0.8,4.6,9.7,0.47,124.0,1.6,1.5,2.0,0.512,2.2,112.0,120.0,20.6,5.9,0.635,3.4,0.452,1.3,0.343,1.2,3.7,3.7,1.9,0.512,0.5,1.6,0.316,2.1,4.7,0.447,0.0,0.0,,0.0,0.2,0.143,30.7,2.0,0.3,0.6,4.2,4.8,6.8,146.0,161.0,3.9,2.2,3.1,83.9,77.1,0.0,0.7,0.0,0.0,,0.343,96.0,7.8,14.1,0.555,3.8,4.1,0.483,573.0,2.8,5.5,0.506,2.2,0.6,0.799,5.1,8.6,0.5870000000000001,1.6,3.5,0.309,53.0,35.0,1.6,6.3,6.3,0.388,0.588,3870.0,1.7,0.0,0.2,0.167,0.456,246.0
201577,NYK,Robin Lopez,82.0,27.1,1.6,0.2,3.6,7.9,0.458,129.0,0.2,0.1,0.1,0.6,0.3,12.0,13.0,10.3,4.4,0.594,0.6,0.329,0.3,0.344,0.1,3.2,1.0,0.4,0.539,0.1,0.4,0.303,0.3,1.0,0.318,0.0,0.0,,0.0,0.0,0.0,33.3,1.4,0.1,0.3,3.2,3.2,5.6,114.0,151.8,4.1,1.9,3.3,83.6,68.3,0.0,0.1,0.0,0.0,0.0,0.344,22.0,7.3,14.3,0.512,3.8,3.5,0.52,602.0,3.3,6.9,0.473,2.7,0.5,0.84,4.1,7.4,0.5479999999999999,1.1,3.0,0.263,44.6,24.6,1.1,5.7,3.9,0.23,0.417,3656.0,0.3,0.0,0.0,,0.329,52.0
201578,GSW,Marreese Speights,72.0,11.6,0.5,0.3,1.6,3.2,0.489,34.0,0.5,0.3,0.4,0.45,1.4,24.0,35.0,7.1,1.1,0.456,3.0,0.449,0.5,0.396,0.3,0.8,3.0,0.7,0.458,0.3,0.8,0.345,1.3,3.0,0.447,0.0,0.1,0.2,0.3,0.8,0.404,15.5,0.8,0.1,0.2,1.5,2.1,8.6,61.0,53.2,3.8,0.7,3.1,28.1,25.1,0.0,0.3,0.0,0.0,0.0,0.396,38.0,3.3,6.0,0.551,1.5,1.8,0.452,239.0,1.1,2.1,0.52,0.9,0.2,0.818,2.2,4.0,0.5660000000000001,0.6,1.6,0.278,24.0,16.4,0.5,1.4,2.6,0.296,0.434,1728.0,1.3,0.3,0.8,0.414,0.505,216.0
201579,LAL,Roy Hibbert,81.0,23.2,1.4,0.4,3.2,6.3,0.507,110.0,0.1,0.1,0.1,0.167,0.1,5.0,9.0,5.9,2.0,0.48,1.4,0.426,0.3,0.382,0.1,1.5,1.6,0.4,0.443,0.2,0.5,0.429,0.7,1.7,0.409,0.0,0.0,,0.0,0.0,0.0,22.4,1.2,0.1,0.1,2.5,2.7,5.6,95.0,126.1,4.0,1.6,3.2,68.4,57.8,0.0,0.2,0.0,0.0,0.0,0.382,26.0,4.9,11.0,0.449,2.2,2.7,0.452,398.0,1.6,4.0,0.402,1.2,0.4,0.742,3.3,6.9,0.47600000000000003,1.0,2.3,0.308,29.8,16.2,0.8,2.9,3.2,0.199,0.366,2415.0,0.7,0.0,0.0,0.0,0.426,110.0
201582,NOP,Alexis Ajinca,59.0,14.6,0.6,0.3,1.6,3.2,0.489,36.0,0.3,0.3,0.4,0.417,0.9,16.0,20.0,6.0,1.9,0.592,1.8,0.43,0.3,0.435,0.2,1.3,2.1,0.4,0.476,0.2,0.4,0.4,0.9,2.1,0.435,0.0,0.0,,0.0,0.0,0.0,18.3,0.5,0.1,0.2,1.1,1.3,4.3,31.0,57.8,4.0,1.0,3.2,30.6,27.2,0.0,0.2,0.0,0.0,,0.435,20.0,4.6,7.9,0.575,1.6,3.0,0.349,269.0,1.3,2.6,0.48100000000000004,0.9,0.3,0.733,3.3,5.3,0.622,0.7,2.6,0.201,25.6,12.7,0.5,2.1,3.0,0.233,0.468,1508.0,0.9,0.0,0.0,0.0,0.43,104.0
201583,NOP,Ryan Anderson,66.0,30.5,0.4,0.6,2.6,4.6,0.57,25.0,1.8,1.5,2.1,0.412,2.3,97.0,121.0,17.0,1.5,0.569,5.2,0.377,4.1,0.42,1.0,1.0,4.7,4.5,0.498,0.7,2.1,0.317,3.2,7.5,0.423,0.1,0.4,0.143,1.9,5.0,0.385,28.2,1.1,0.0,0.5,1.9,2.7,4.2,73.0,134.2,4.0,2.0,3.2,72.3,61.9,0.0,1.9,0.3,0.9,0.31,0.45,270.0,6.0,11.5,0.52,2.6,3.4,0.434,396.0,2.0,4.3,0.45799999999999996,1.5,0.4,0.779,4.0,7.2,0.557,1.1,3.0,0.264,46.6,29.2,1.3,1.5,2.3,0.366,0.584,3074.0,1.8,1.6,4.4,0.375,0.55,344.0
201585,SAC,Kosta Koufos,77.0,19.0,0.9,0.5,2.5,5.2,0.488,69.0,0.2,0.1,0.2,0.385,0.3,10.0,14.0,6.8,3.6,0.588,0.3,0.414,0.1,0.214,0.2,2.7,0.4,0.2,0.534,0.1,0.1,0.364,0.1,0.4,0.344,0.0,0.0,,0.0,0.0,,17.0,0.4,0.1,0.1,1.2,1.1,2.8,33.0,104.0,4.3,1.4,3.4,56.1,48.0,0.0,0.0,0.0,0.0,,0.214,6.0,5.4,10.4,0.516,2.2,3.2,0.40399999999999997,413.0,2.2,4.4,0.494,1.5,0.7,0.6829999999999999,3.2,6.0,0.531,0.7,2.5,0.215,24.3,12.1,0.5,4.2,1.0,0.279,0.561,1869.0,0.2,0.0,0.0,,0.414,24.0
201586,OKC,Serge Ibaka,78.0,32.1,1.9,0.5,3.3,7.6,0.436,148.0,0.6,0.3,0.5,0.333,0.4,20.0,47.0,12.6,2.5,0.703,6.5,0.417,0.5,0.457,0.3,1.5,6.8,0.6,0.513,0.3,0.8,0.354,2.9,6.8,0.426,0.0,0.1,0.2,0.7,2.2,0.333,24.2,0.8,0.1,0.3,1.7,2.2,3.4,66.0,162.8,3.9,2.1,3.1,85.5,77.3,0.0,0.3,0.0,0.0,0.0,0.457,42.0,6.8,13.3,0.514,2.3,4.5,0.33799999999999997,533.0,1.8,3.5,0.511,1.2,0.6,0.674,5.0,9.7,0.516,1.1,3.9,0.217,37.9,23.2,0.8,2.4,3.0,0.332,0.543,2959.0,2.8,0.8,2.3,0.335,0.474,504.0
201587,CHA,Nicolas Batum,70.0,35.0,0.6,0.9,1.6,2.8,0.566,43.0,1.9,1.1,2.1,0.452,1.4,74.0,135.0,14.9,0.4,0.52,5.1,0.368,4.4,0.396,0.9,0.4,5.0,4.9,0.506,1.4,4.2,0.321,2.5,5.9,0.42,0.6,2.0,0.296,1.4,3.7,0.377,48.4,5.8,0.7,1.0,11.0,14.0,19.2,403.0,175.6,4.3,2.5,3.4,96.9,78.7,0.0,2.0,0.5,1.7,0.31,0.448,310.0,6.1,9.4,0.649,1.1,5.0,0.182,428.0,0.8,1.7,0.451,0.4,0.4,0.509,5.3,7.7,0.695,0.7,4.6,0.134,67.4,55.5,2.7,0.9,1.8,0.222,0.269,4718.0,1.8,1.5,4.0,0.366,0.513,360.0
201589,DEN,Darrell Arthur,70.0,21.7,0.7,0.8,2.0,4.1,0.486,48.0,0.3,0.2,0.2,0.25,0.3,11.0,21.0,7.5,1.3,0.526,4.1,0.433,0.7,0.48,0.2,1.1,4.0,0.7,0.498,0.3,1.0,0.348,1.8,4.0,0.457,0.0,0.1,0.2,0.6,1.6,0.393,24.6,1.4,0.2,0.2,2.4,3.2,7.1,96.0,101.0,4.0,1.4,3.2,54.4,46.5,0.0,0.3,0.0,0.0,1.0,0.51,51.0,4.2,8.9,0.47200000000000003,1.6,2.6,0.379,293.0,1.2,2.7,0.45299999999999996,0.8,0.4,0.6859999999999999,3.0,6.2,0.48,0.7,2.2,0.251,33.7,20.1,0.7,1.8,1.9,0.223,0.374,2359.0,1.7,0.6,1.6,0.369,0.505,285.0
201599,LAC,DeAndre Jordan,77.0,33.8,2.3,0.7,3.7,8.0,0.464,177.0,0.1,0.1,0.1,0.5,0.1,6.0,8.0,12.7,6.3,0.826,0.0,0.0,0.1,0.6,0.1,3.4,0.1,0.1,0.703,0.0,0.0,0.5,0.0,0.1,0.286,0.0,0.0,0.0,0.0,0.0,,42.6,1.2,0.1,0.5,2.3,2.8,3.9,90.0,164.8,3.8,2.1,3.0,85.8,79.0,0.0,0.0,0.0,0.0,,0.6,6.0,13.8,20.3,0.6779999999999999,5.1,8.7,0.368,1059.0,3.5,5.9,0.591,2.7,0.7,0.787,10.3,14.4,0.7140000000000001,2.3,7.9,0.22699999999999998,53.6,21.9,1.0,5.2,2.7,0.237,0.58,4130.0,0.0,0.0,0.0,0.0,0.0,0.0
201933,LAC,Blake Griffin,35.0,33.5,0.5,0.8,2.5,4.4,0.569,17.0,3.8,3.5,5.4,0.667,5.0,122.0,133.0,21.4,3.1,0.712,5.3,0.433,2.3,0.312,1.8,1.7,5.9,3.7,0.504,0.2,1.1,0.216,3.6,8.8,0.406,0.0,0.1,0.0,0.2,0.4,0.4,59.9,4.9,0.2,0.6,9.3,11.8,17.0,170.0,73.3,3.8,2.1,3.0,39.2,34.2,0.0,1.1,0.1,0.2,0.25,0.32,82.0,8.4,13.9,0.602,3.0,5.4,0.35700000000000004,294.0,1.5,2.6,0.5539999999999999,1.1,0.4,0.745,6.9,11.3,0.614,1.9,5.0,0.276,85.8,57.4,3.0,3.8,9.7,0.25,0.373,3002.0,2.6,0.1,0.3,0.4,0.442,184.0
201935,HOU,James Harden,82.0,38.2,0.6,1.7,1.9,3.4,0.562,51.0,9.4,7.2,11.5,0.494,9.1,591.0,769.0,29.0,0.4,0.5,3.8,0.409,8.3,0.375,4.3,0.3,3.1,9.0,0.512,2.5,6.1,0.401,2.4,6.6,0.36,1.3,3.5,0.378,1.6,4.5,0.345,52.0,7.5,0.6,1.5,14.4,18.0,22.7,612.0,197.9,3.8,2.4,3.0,103.9,94.0,0.0,3.4,1.6,4.7,0.335,0.463,681.0,6.1,10.6,0.5770000000000001,1.6,4.5,0.263,501.0,0.8,1.9,0.406,0.5,0.2,0.7140000000000001,5.3,8.7,0.613,1.1,4.3,0.19899999999999998,85.1,68.3,6.3,0.8,2.0,0.34,0.424,6980.0,1.3,1.2,3.0,0.41,0.603,310.0
201941,IND,Jordan Hill,73.0,20.7,0.5,0.5,2.9,5.5,0.53,37.0,0.2,0.1,0.1,0.25,0.1,4.0,12.0,8.8,2.7,0.586,1.6,0.397,0.4,0.533,0.1,2.1,2.1,0.4,0.506,0.2,0.5,0.462,0.9,2.3,0.392,0.0,0.0,0.0,0.0,0.0,,28.4,1.2,0.2,0.2,2.8,2.9,6.7,87.0,100.4,4.0,1.4,3.2,53.4,47.0,0.0,0.2,0.0,0.0,,0.533,32.0,6.2,12.8,0.484,2.4,3.8,0.39,451.0,2.1,5.2,0.415,1.6,0.6,0.731,4.0,7.6,0.532,0.8,3.2,0.21,39.0,22.9,1.1,3.4,3.9,0.226,0.385,2849.0,0.8,0.0,0.0,0.0,0.397,120.0
201956,SAC,Omri Casspi,69.0,27.2,0.2,0.8,1.9,3.0,0.635,17.0,3.0,2.4,3.3,0.444,4.3,168.0,207.0,11.8,1.3,0.633,3.6,0.376,1.3,0.456,2.1,0.9,3.2,1.0,0.571,0.1,0.3,0.208,1.6,3.9,0.41,0.0,0.2,0.25,1.6,3.8,0.416,34.7,1.4,0.1,0.4,2.7,3.1,5.5,95.0,133.0,4.3,1.9,3.4,71.4,61.6,0.0,0.4,0.4,0.8,0.491,0.662,90.0,5.9,11.0,0.541,1.3,4.6,0.22399999999999998,410.0,0.8,2.3,0.363,0.5,0.3,0.603,5.1,8.7,0.589,0.8,4.3,0.162,47.3,25.0,1.0,1.3,0.4,0.249,0.472,3264.0,1.2,1.2,3.1,0.388,0.563,249.0
201959,CHI,Taj Gibson,73.0,26.5,1.1,0.6,2.5,5.2,0.48,77.0,0.2,0.1,0.2,0.5,0.2,8.0,11.0,8.6,3.8,0.565,1.3,0.404,0.2,0.348,0.1,2.9,1.6,0.3,0.526,0.2,0.7,0.306,0.6,1.3,0.464,0.0,0.0,,0.0,0.0,0.0,26.8,1.5,0.1,0.5,2.9,3.5,6.2,106.0,131.7,4.1,1.8,3.3,69.7,62.0,0.0,0.1,0.0,0.0,0.0,0.348,16.0,6.9,14.1,0.491,2.9,4.0,0.425,504.0,2.8,6.4,0.44,2.0,0.8,0.723,4.1,7.6,0.534,0.9,3.2,0.218,36.5,22.5,0.9,5.5,3.4,0.236,0.382,2661.0,0.6,0.0,0.0,0.0,0.404,92.0
201967,NOP,Dante Cunningham,80.0,24.7,0.4,0.5,1.3,2.2,0.598,33.0,0.8,0.6,0.8,0.39,1.1,47.0,66.0,6.0,0.8,0.757,2.7,0.368,0.3,0.289,0.5,0.5,2.8,0.5,0.518,0.1,0.5,0.256,1.0,2.7,0.373,0.0,0.2,0.15,0.6,1.9,0.338,20.6,1.0,0.1,0.3,1.6,2.3,4.5,77.0,147.6,4.5,1.8,3.6,78.7,69.0,0.0,0.1,0.0,0.0,0.0,0.289,22.0,3.0,5.4,0.5489999999999999,0.8,2.2,0.258,236.0,0.7,1.6,0.449,0.3,0.4,0.474,2.2,3.8,0.591,0.4,1.8,0.19,27.2,17.6,0.5,0.8,0.7,0.223,0.343,2174.0,1.0,0.7,2.2,0.32,0.493,217.0
201973,BOS,Jonas Jerebko,77.0,15.1,0.3,0.3,1.0,1.9,0.513,23.0,0.8,0.5,0.8,0.432,1.6,40.0,65.0,4.4,0.8,0.489,1.8,0.389,0.1,0.2,0.5,0.6,1.6,0.3,0.486,0.0,0.2,0.167,0.7,1.7,0.381,0.0,0.1,0.0,0.6,1.3,0.422,20.9,0.8,0.1,0.4,1.8,1.9,5.9,61.0,83.9,4.3,1.1,3.5,45.2,38.6,0.0,0.1,0.0,0.0,0.0,0.2,10.0,3.7,7.5,0.49,1.1,2.6,0.301,282.0,1.0,2.8,0.344,0.6,0.4,0.608,2.7,4.7,0.5760000000000001,0.5,2.2,0.192,26.2,15.0,0.5,1.1,0.4,0.166,0.291,2016.0,0.6,0.6,1.4,0.41,0.56,141.0
201980,SAS,Danny Green,79.0,26.1,0.8,1.0,1.2,2.4,0.492,64.0,1.5,0.5,1.5,0.319,1.0,43.0,116.0,7.2,0.5,0.6,4.4,0.354,0.8,0.274,0.6,0.4,4.3,1.2,0.48,0.4,1.2,0.295,1.5,4.4,0.343,0.2,0.6,0.314,1.3,3.8,0.336,33.3,1.8,0.1,0.8,3.5,4.1,7.5,141.0,156.1,4.5,2.0,3.6,86.4,69.7,0.0,0.3,0.1,0.5,0.19,0.316,60.0,3.8,7.2,0.535,1.0,2.8,0.264,303.0,0.6,1.5,0.397,0.3,0.3,0.521,3.2,5.6,0.573,0.7,2.5,0.21600000000000003,42.8,29.8,1.2,0.7,0.7,0.169,0.243,3378.0,1.5,1.3,3.8,0.353,0.512,344.0
202323,BOS,Evan Turner,80.0,28.1,0.4,1.0,1.6,3.0,0.533,28.0,3.8,3.3,4.7,0.552,5.6,265.0,304.0,10.6,0.7,0.523,1.2,0.381,3.2,0.391,2.4,0.6,1.2,4.1,0.47,1.1,2.7,0.407,1.0,2.7,0.367,0.0,0.1,0.25,0.2,0.9,0.23,41.1,4.4,0.5,0.8,8.7,10.4,17.6,355.0,150.7,4.0,1.9,3.2,80.2,70.6,0.0,1.6,0.0,0.2,0.077,0.392,259.0,5.0,8.2,0.601,1.0,4.0,0.19399999999999998,396.0,0.6,1.2,0.5429999999999999,0.4,0.3,0.56,4.3,7.1,0.61,0.6,3.7,0.142,55.7,45.6,3.4,1.0,0.7,0.19,0.232,4459.0,0.5,0.2,0.8,0.284,0.479,93.0
202324,UTA,Derrick Favors,62.0,32.0,1.5,1.2,3.5,7.4,0.477,91.0,0.5,0.4,0.5,0.348,0.6,23.0,32.0,16.4,5.3,0.615,3.3,0.397,0.6,0.29,0.4,3.6,4.1,1.1,0.515,0.4,1.1,0.314,1.7,4.4,0.385,0.0,0.0,0.0,0.0,0.0,0.0,49.7,1.5,0.1,0.5,3.2,3.8,5.7,94.0,132.8,4.0,2.1,3.2,73.8,59.0,0.0,0.3,0.0,0.1,0.0,0.29,40.0,8.1,15.7,0.515,3.6,4.5,0.447,503.0,2.7,6.2,0.442,2.0,0.7,0.74,5.4,9.6,0.562,1.6,3.8,0.299,67.7,45.2,1.6,5.9,6.8,0.242,0.363,4195.0,1.6,0.0,0.0,,0.397,204.0
202325,LAC,Wesley Johnson,80.0,20.9,0.7,1.1,1.3,2.6,0.519,56.0,0.2,0.1,0.2,0.3,0.3,10.0,17.0,6.9,0.6,0.8,4.2,0.351,0.8,0.389,0.1,0.4,4.3,0.9,0.504,0.4,1.2,0.344,1.5,4.2,0.352,0.2,0.6,0.327,1.1,3.2,0.332,17.7,0.6,0.1,0.1,1.1,1.6,3.6,49.0,116.2,4.2,1.5,3.3,60.9,55.2,0.0,0.4,0.1,0.2,0.333,0.431,62.0,3.1,6.5,0.475,0.9,2.2,0.28600000000000003,248.0,0.5,1.0,0.44,0.2,0.2,0.486,2.6,5.5,0.48200000000000004,0.7,2.0,0.251,25.8,15.4,0.5,0.5,0.6,0.267,0.446,2060.0,1.5,1.2,3.6,0.335,0.488,337.0
202326,SAC,DeMarcus Cousins,64.0,34.7,1.4,1.6,4.3,8.6,0.504,91.0,8.0,6.0,8.5,0.434,8.2,381.0,513.0,27.1,5.7,0.604,4.5,0.37,1.2,0.265,4.6,3.5,4.8,2.1,0.48,0.2,0.8,0.229,2.3,6.5,0.348,0.0,0.2,0.167,1.0,3.0,0.342,40.8,3.3,0.3,0.7,6.3,7.9,10.9,210.0,133.4,3.6,2.1,2.9,68.6,64.7,0.0,0.6,0.0,0.2,0.231,0.276,75.0,11.6,19.1,0.606,4.4,7.2,0.381,740.0,2.4,5.2,0.46,1.9,0.5,0.7859999999999999,9.2,13.9,0.6609999999999999,2.5,6.6,0.275,71.6,49.8,2.5,6.4,3.8,0.378,0.544,4580.0,1.8,1.0,2.9,0.337,0.474,289.0
202328,MIL,Greg Monroe,79.0,29.3,0.8,0.9,3.9,7.6,0.516,67.0,0.8,0.7,0.9,0.488,1.1,54.0,64.0,15.3,5.5,0.613,0.9,0.467,0.1,0.2,0.5,3.6,0.9,0.2,0.522,0.1,0.3,0.375,0.5,1.3,0.408,0.0,0.0,,0.0,0.0,0.0,29.9,2.3,0.3,0.6,4.1,5.3,8.7,178.0,150.0,3.9,1.9,3.1,75.2,74.8,0.0,0.0,0.0,0.0,,0.2,6.0,8.8,16.0,0.5489999999999999,3.8,5.0,0.433,696.0,2.8,5.8,0.47600000000000003,2.1,0.6,0.7659999999999999,6.1,10.2,0.59,1.7,4.3,0.281,46.9,30.1,1.5,5.8,8.3,0.327,0.509,3705.0,0.4,0.0,0.0,0.0,0.467,70.0
202329,POR,Al-Farouq Aminu,82.0,28.5,0.6,0.9,1.7,3.3,0.506,53.0,2.9,1.5,3.3,0.36,2.5,123.0,234.0,10.2,0.7,0.727,4.6,0.375,1.0,0.359,1.4,0.4,4.2,1.3,0.503,0.3,0.9,0.378,1.7,4.7,0.364,0.2,0.5,0.385,1.4,3.8,0.358,25.1,1.7,0.2,0.5,3.0,4.2,7.1,138.0,169.0,4.3,2.1,3.5,93.4,75.6,0.0,0.5,0.1,0.3,0.375,0.403,83.0,6.1,11.1,0.547,1.8,4.3,0.301,499.0,1.2,2.6,0.467,0.7,0.5,0.5820000000000001,4.9,8.6,0.5710000000000001,1.1,3.8,0.23199999999999998,37.4,25.4,1.1,1.0,1.0,0.274,0.403,3066.0,1.6,1.4,3.9,0.364,0.545,375.0
202331,IND,Paul George,81.0,34.8,0.4,1.9,1.6,2.9,0.54,29.0,5.2,3.3,5.7,0.44,4.5,264.0,418.0,23.1,1.2,0.691,6.0,0.392,6.6,0.37,2.1,0.7,5.4,7.8,0.49,2.0,6.3,0.313,3.1,7.3,0.432,0.6,2.2,0.254,2.0,4.8,0.426,39.5,4.1,0.4,0.8,7.6,9.1,12.5,329.0,198.6,4.2,2.5,3.4,107.2,91.4,0.0,2.9,0.8,2.4,0.337,0.422,534.0,7.0,12.3,0.565,1.6,5.3,0.233,563.0,1.0,2.4,0.409,0.6,0.4,0.595,6.0,9.9,0.602,1.0,4.9,0.174,66.8,51.5,3.1,1.6,2.2,0.347,0.449,5407.0,2.1,1.8,4.4,0.397,0.553,488.0
202332,LAC,Cole Aldrich,60.0,13.4,1.1,0.8,2.3,4.7,0.491,68.0,0.2,0.2,0.3,0.667,0.6,10.0,10.0,5.5,2.9,0.664,0.0,,0.0,0.0,0.1,1.8,0.0,0.0,0.596,0.0,0.0,0.0,0.0,0.0,,0.0,0.0,,0.0,0.0,,21.2,0.8,0.0,0.1,1.7,2.1,7.5,50.0,54.9,4.1,0.9,3.3,29.6,25.3,0.0,0.0,0.0,0.0,,0.0,0.0,4.8,8.6,0.556,2.2,2.6,0.465,288.0,1.4,2.8,0.503,1.0,0.4,0.698,3.4,5.8,0.5820000000000001,1.2,2.1,0.366,27.2,13.3,0.6,2.9,1.7,0.201,0.412,1635.0,0.0,0.0,0.0,,,0.0
202334,POR,Ed Davis,81.0,20.7,0.9,0.7,2.5,5.5,0.459,72.0,0.3,0.2,0.4,0.571,0.5,18.0,26.0,6.5,2.3,0.672,0.0,1.0,0.0,0.5,0.2,1.4,0.0,0.0,0.611,0.0,0.0,0.5,0.0,0.1,0.6,0.0,0.0,,0.0,0.0,,26.5,1.1,0.1,0.3,2.4,2.7,6.1,88.0,116.2,4.1,1.4,3.3,63.4,52.8,0.0,0.0,0.0,0.0,,0.5,2.0,7.4,14.6,0.507,3.1,4.3,0.414,599.0,2.8,6.1,0.45299999999999996,2.0,0.8,0.7140000000000001,4.6,8.5,0.546,1.1,3.5,0.235,33.1,13.9,0.7,2.5,3.0,0.196,0.469,2683.0,0.0,0.0,0.0,,1.0,4.0
202335,TOR,Patrick Patterson,78.0,25.5,0.4,0.7,1.7,3.4,0.49,30.0,1.3,1.2,1.6,0.532,2.2,93.0,98.0,6.8,0.3,0.5,3.9,0.364,0.7,0.41,1.0,0.2,3.7,0.8,0.517,0.3,0.9,0.343,1.4,3.7,0.374,0.1,0.4,0.194,1.2,3.3,0.377,34.3,1.2,0.2,0.5,2.2,3.0,5.6,92.0,130.1,3.9,1.7,3.1,70.7,59.4,0.0,0.3,0.0,0.1,0.375,0.434,53.0,4.3,7.5,0.574,1.3,2.9,0.313,335.0,1.0,1.6,0.628,0.6,0.4,0.5660000000000001,3.3,5.9,0.5589999999999999,0.8,2.5,0.239,42.0,24.4,0.8,0.3,1.8,0.162,0.28,3279.0,1.3,1.3,3.5,0.364,0.538,308.0
202344,UTA,Trevor Booker,79.0,20.7,0.5,0.7,1.3,2.4,0.553,41.0,0.7,0.4,0.7,0.382,0.8,28.0,55.0,5.9,1.3,0.543,0.6,0.25,0.1,0.176,0.4,1.0,0.9,0.2,0.505,0.0,0.1,0.0,0.3,1.0,0.273,0.0,0.0,0.0,0.2,0.5,0.316,35.5,1.1,0.1,0.2,2.8,2.7,6.3,83.0,116.7,4.3,1.5,3.4,65.6,51.1,0.0,0.0,0.0,0.0,0.0,0.176,6.0,5.7,11.0,0.52,2.4,3.3,0.418,452.0,2.1,4.8,0.435,1.6,0.5,0.747,3.6,6.2,0.586,0.8,2.8,0.22699999999999998,42.8,25.3,0.9,2.5,3.2,0.137,0.232,3384.0,0.2,0.2,0.5,0.308,0.338,46.0
202355,MIA,Hassan Whiteside,73.0,29.2,3.7,0.6,4.9,10.5,0.469,269.0,0.2,0.1,0.2,0.4,0.2,8.0,13.0,14.2,7.3,0.666,0.9,0.427,0.3,0.5,0.1,4.6,1.0,0.3,0.605,0.1,0.3,0.348,0.6,1.3,0.469,0.0,0.0,,0.0,0.0,,26.5,0.4,0.0,0.3,1.2,0.9,1.4,30.0,136.7,3.9,1.9,3.1,73.2,63.6,0.0,0.1,0.0,0.0,,0.5,20.0,11.8,20.1,0.589,5.4,6.5,0.45399999999999996,865.0,3.3,7.4,0.442,2.7,0.5,0.836,8.6,12.7,0.674,2.7,5.9,0.309,40.5,18.9,0.9,7.0,2.5,0.351,0.753,2960.0,0.4,0.0,0.0,,0.427,64.0
202357,MIN,Nemanja Bjelica,60.0,17.9,0.4,0.4,2.2,3.6,0.589,21.0,1.4,0.6,1.3,0.419,1.6,35.0,81.0,5.1,0.9,0.774,2.0,0.377,0.5,0.357,0.5,0.5,1.8,0.5,0.57,0.1,0.2,0.357,0.8,2.0,0.366,0.1,0.2,0.444,0.7,1.9,0.379,31.4,1.4,0.1,0.4,2.8,3.1,8.3,83.0,75.8,4.2,1.3,3.4,41.6,34.2,0.0,0.2,0.1,0.3,0.4,0.5,28.0,3.5,7.3,0.479,1.4,2.0,0.414,210.0,0.8,1.8,0.45399999999999996,0.6,0.2,0.7759999999999999,2.7,5.5,0.488,0.8,1.9,0.304,37.2,16.9,0.8,1.0,1.2,0.138,0.304,2232.0,0.7,0.7,1.7,0.392,0.566,120.0
202389,CLE,Timofey Mozgov,76.0,17.4,0.8,0.3,2.4,5.0,0.485,57.0,0.1,0.1,0.1,0.2,0.3,7.0,9.0,6.2,3.9,0.66,0.7,0.4,0.1,0.333,0.1,2.6,0.9,0.1,0.567,0.1,0.2,0.5,0.3,0.8,0.377,0.0,0.0,,0.0,0.1,0.143,17.8,0.4,0.0,0.1,1.1,1.1,2.9,33.0,96.7,4.4,1.3,3.5,53.5,43.2,0.0,0.0,0.0,0.0,0.0,0.333,6.0,4.4,9.2,0.483,1.9,2.6,0.418,337.0,1.4,3.6,0.406,1.0,0.4,0.718,3.0,5.6,0.532,0.8,2.2,0.273,24.4,12.1,0.5,3.6,1.2,0.256,0.519,1854.0,0.3,0.0,0.1,0.167,0.408,53.0
202391,CHA,Jeremy Lin,78.0,26.3,0.5,0.7,1.1,2.0,0.558,42.0,6.7,3.9,7.3,0.481,7.1,304.0,523.0,11.7,0.6,0.667,2.3,0.351,2.4,0.324,2.7,0.3,2.2,3.4,0.464,0.4,1.7,0.256,1.4,3.9,0.366,0.1,0.4,0.206,0.9,2.5,0.359,31.8,3.0,0.3,0.8,6.4,7.5,13.6,235.0,145.7,4.3,1.9,3.4,80.7,65.0,0.0,1.1,0.3,0.9,0.304,0.365,191.0,3.2,6.4,0.505,0.8,2.5,0.24100000000000002,253.0,0.5,1.1,0.512,0.3,0.3,0.5,2.7,5.4,0.504,0.5,2.2,0.19,48.0,42.6,3.2,0.7,0.7,0.244,0.275,3741.0,0.8,0.7,2.0,0.35,0.509,177.0
202397,TOTAL,Ish Smith,77.0,29.1,0.3,1.1,1.5,2.5,0.597,24.0,11.1,5.1,12.2,0.446,8.4,390.0,856.0,12.6,0.2,0.7,1.1,0.382,3.8,0.34,5.0,0.1,1.0,5.0,0.44,0.6,2.1,0.277,1.5,4.0,0.382,0.1,0.5,0.282,0.6,1.7,0.352,64.0,6.5,0.5,1.0,12.9,15.5,25.7,502.0,171.3,4.6,2.2,3.7,96.1,75.2,0.0,1.7,0.4,1.2,0.298,0.377,290.0,4.0,7.5,0.528,0.6,3.4,0.154,305.0,0.6,1.2,0.462,0.2,0.3,0.419,3.4,6.3,0.54,0.4,3.0,0.111,83.5,72.1,5.9,0.4,0.5,0.151,0.175,6427.0,0.4,0.4,0.9,0.37,0.559,85.0
202683,OKC,Enes Kanter,82.0,21.0,0.4,0.3,2.9,5.5,0.532,33.0,0.3,0.3,0.4,0.722,0.7,26.0,27.0,12.7,4.3,0.662,1.7,0.508,0.2,0.308,0.2,2.6,1.5,0.3,0.583,0.1,0.4,0.387,0.8,1.7,0.489,0.0,0.0,0.0,0.1,0.2,0.526,31.9,0.4,0.0,0.1,1.0,1.0,2.3,33.0,122.5,4.3,1.5,3.4,68.5,54.0,0.0,0.1,0.0,0.0,0.0,0.308,16.0,8.1,15.6,0.519,3.9,4.2,0.486,664.0,3.0,6.8,0.449,2.5,0.5,0.8190000000000001,5.1,8.8,0.573,1.5,3.6,0.287,44.0,18.1,0.9,3.9,1.2,0.288,0.699,3607.0,0.8,0.1,0.2,0.5,0.548,136.0
202684,CLE,Tristan Thompson,82.0,27.7,0.6,0.5,3.3,6.3,0.528,51.0,0.2,0.2,0.4,0.667,0.4,20.0,20.0,7.8,3.9,0.655,0.1,0.3,0.1,0.222,0.1,2.5,0.1,0.2,0.588,0.0,0.1,0.083,0.1,0.2,0.375,0.0,0.0,,0.0,0.0,,28.3,0.8,0.1,0.3,1.5,2.0,3.5,62.0,160.5,4.2,2.0,3.4,87.3,73.2,0.0,0.0,0.0,0.0,,0.222,8.0,9.0,18.3,0.491,3.7,5.3,0.41600000000000004,738.0,3.3,8.3,0.395,2.4,0.9,0.72,5.7,10.0,0.57,1.4,4.3,0.243,36.2,15.8,0.7,4.1,2.0,0.216,0.498,2970.0,0.0,0.0,0.0,,0.3,6.0
202685,TOR,Jonas Valanciunas,59.0,25.9,1.3,0.4,4.0,7.7,0.522,77.0,0.2,0.1,0.2,0.429,0.2,7.0,9.0,12.8,6.4,0.678,0.9,0.519,0.1,0.364,0.1,3.9,0.9,0.2,0.566,0.2,0.5,0.433,0.4,0.8,0.49,0.0,0.0,,0.0,0.0,,32.6,0.7,0.1,0.3,1.3,1.8,3.3,40.0,101.9,4.0,1.7,3.2,56.6,45.3,0.0,0.1,0.0,0.0,,0.364,8.0,9.1,17.0,0.537,4.3,4.9,0.467,538.0,3.1,6.6,0.462,2.5,0.6,0.818,6.1,10.3,0.586,1.7,4.3,0.289,45.4,22.3,1.2,6.2,1.7,0.282,0.574,2681.0,0.5,0.0,0.0,,0.519,56.0
202687,TOR,Bismack Biyombo,81.0,22.1,1.6,0.2,3.1,6.8,0.451,132.0,0.0,0.0,0.0,,0.0,1.0,2.0,5.5,3.0,0.605,0.3,0.355,0.1,0.4,0.0,1.9,0.4,0.1,0.539,0.0,0.1,0.1,0.2,0.4,0.455,0.0,0.0,0.0,0.0,0.0,,23.3,0.3,0.1,0.2,0.9,0.9,1.9,28.0,120.6,4.0,1.5,3.2,65.7,54.9,0.0,0.0,0.0,0.0,0.0,0.4,8.0,8.0,14.2,0.563,3.3,4.7,0.408,649.0,2.2,4.7,0.469,1.7,0.5,0.767,5.8,9.5,0.611,1.6,4.2,0.271,29.6,12.6,0.7,3.3,1.5,0.185,0.436,2397.0,0.1,0.0,0.0,,0.355,22.0
202689,CHA,Kemba Walker,81.0,35.7,0.5,1.6,1.4,2.5,0.573,39.0,7.5,5.6,8.9,0.495,7.6,456.0,605.0,20.9,0.2,0.6,3.8,0.447,6.7,0.342,3.9,0.1,2.9,8.2,0.495,1.2,4.2,0.29,2.9,6.9,0.42,0.5,1.8,0.281,1.7,4.2,0.41,66.5,5.2,0.4,1.5,11.6,13.1,17.6,421.0,199.3,4.1,2.5,3.3,112.9,86.4,0.0,2.8,1.1,3.3,0.322,0.408,543.0,4.4,8.1,0.541,0.7,3.7,0.157,357.0,0.7,1.6,0.431,0.3,0.4,0.446,3.7,6.5,0.568,0.4,3.3,0.10300000000000001,91.0,80.9,7.8,0.3,0.4,0.229,0.258,7375.0,1.3,1.2,2.7,0.432,0.649,305.0
202691,GSW,Klay Thompson,80.0,33.4,0.6,0.8,1.5,2.8,0.536,49.0,3.4,2.5,4.2,0.468,3.6,199.0,268.0,22.1,2.0,0.67,10.4,0.435,3.8,0.412,1.9,1.2,8.5,4.1,0.569,1.9,4.8,0.394,3.7,8.1,0.451,0.8,2.0,0.39,2.6,6.1,0.436,25.2,2.1,0.2,0.9,3.8,5.0,7.2,166.0,190.6,4.3,2.4,3.4,101.7,88.9,0.0,1.7,0.5,1.3,0.352,0.468,307.0,3.8,7.6,0.506,1.0,2.9,0.248,306.0,0.4,1.0,0.43200000000000005,0.2,0.2,0.457,3.4,6.6,0.517,0.8,2.6,0.221,47.4,40.6,1.6,1.8,2.2,0.467,0.545,3792.0,3.7,3.0,6.8,0.44,0.609,830.0
202693,TOTAL,Markieff Morris,64.0,25.5,0.5,0.9,1.6,3.0,0.539,34.0,1.5,1.0,1.6,0.386,1.9,64.0,94.0,12.0,2.2,0.63,3.6,0.383,2.0,0.368,0.9,1.4,3.8,2.7,0.458,0.8,1.9,0.419,1.7,4.8,0.352,0.0,0.1,0.2,0.7,2.3,0.307,31.8,1.9,0.2,0.5,4.0,4.8,9.0,124.0,103.8,3.8,1.6,3.1,55.2,48.6,0.0,1.0,0.0,0.2,0.083,0.371,129.0,5.5,9.1,0.606,1.9,3.6,0.34700000000000003,352.0,1.1,2.2,0.514,0.7,0.4,0.616,4.4,6.9,0.636,1.2,3.2,0.276,46.7,29.2,1.1,2.6,3.5,0.256,0.41,2989.0,1.4,0.7,2.2,0.329,0.479,230.0
202694,DET,Marcus Morris,80.0,35.8,0.3,0.8,1.4,2.2,0.632,23.0,2.6,1.9,3.3,0.516,2.5,152.0,207.0,14.1,0.9,0.491,3.9,0.393,4.1,0.403,1.2,0.7,3.4,4.9,0.491,1.3,3.6,0.372,2.1,5.2,0.407,0.1,0.6,0.16,1.2,3.1,0.405,36.6,2.5,0.3,0.4,4.6,6.0,8.1,201.0,195.2,4.1,2.4,3.3,105.6,89.7,0.0,2.0,0.2,0.7,0.236,0.419,327.0,5.0,9.1,0.557,1.2,3.8,0.243,404.0,1.1,2.4,0.48100000000000004,0.7,0.5,0.5820000000000001,3.9,6.7,0.584,0.6,3.4,0.14400000000000002,53.1,34.3,1.5,1.4,1.2,0.266,0.412,4250.0,1.4,1.2,2.9,0.4,0.564,310.0
202695,SAS,Kawhi Leonard,72.0,33.1,1.0,1.8,1.1,2.4,0.455,71.0,5.1,3.7,6.1,0.553,5.4,266.0,364.0,21.2,1.2,0.597,5.0,0.448,5.6,0.449,2.4,0.9,4.0,5.8,0.565,1.6,3.7,0.43,3.0,6.5,0.458,0.2,0.6,0.375,1.6,3.5,0.454,32.1,2.6,0.1,0.8,5.0,6.0,8.7,186.0,174.6,4.4,2.4,3.5,97.5,77.0,0.0,2.6,0.3,0.9,0.387,0.477,402.0,6.8,10.7,0.639,1.9,5.0,0.272,493.0,1.3,2.4,0.5429999999999999,0.7,0.6,0.547,5.5,8.3,0.6679999999999999,1.1,4.4,0.20600000000000002,53.0,44.1,2.5,1.6,2.0,0.399,0.48,3813.0,1.8,1.4,3.1,0.464,0.627,361.0
202696,ORL,Nikola Vucevic,64.0,31.3,1.0,0.8,4.4,8.2,0.54,67.0,2.2,1.9,2.6,0.545,2.9,123.0,141.0,18.2,4.8,0.58,4.9,0.478,1.5,0.432,1.5,3.8,5.1,1.7,0.514,0.7,1.8,0.402,2.7,5.7,0.479,0.0,0.0,0.0,0.0,0.1,0.286,40.8,2.7,0.2,0.5,6.1,6.9,10.6,175.0,131.6,3.9,2.1,3.2,70.1,61.5,0.0,0.8,0.0,0.0,,0.432,96.0,8.8,15.1,0.584,3.4,5.4,0.384,565.0,2.7,4.5,0.591,1.8,0.9,0.6509999999999999,6.1,10.6,0.581,1.6,4.5,0.267,61.0,40.2,1.7,6.9,5.0,0.298,0.452,3902.0,2.4,0.0,0.1,0.25,0.481,312.0
202699,ORL,Tobias Harris,48.0,32.6,0.6,1.0,1.6,3.2,0.49,28.0,3.1,2.1,3.7,0.425,3.1,102.0,150.0,13.6,2.2,0.627,3.0,0.327,1.0,0.354,1.7,1.4,3.2,1.4,0.505,0.3,1.0,0.34,1.2,3.8,0.333,0.1,0.2,0.364,0.9,2.8,0.301,36.1,2.0,0.1,0.7,4.3,4.8,7.1,96.0,114.0,4.4,2.4,3.5,62.5,51.4,0.0,0.5,0.0,0.2,0.2,0.369,48.0,6.9,12.1,0.569,2.2,4.7,0.32,331.0,1.5,3.1,0.46399999999999997,1.1,0.3,0.7859999999999999,5.4,9.0,0.606,1.1,4.4,0.195,51.1,37.6,1.7,2.2,2.2,0.266,0.362,2451.0,1.1,0.9,2.8,0.316,0.462,144.0
202699,TOTAL,Tobias Harris,75.0,32.9,0.5,0.9,1.8,3.5,0.523,40.0,4.2,3.4,4.9,0.462,4.9,252.0,312.0,14.7,1.6,0.588,3.3,0.351,1.2,0.364,2.6,1.1,3.3,1.6,0.513,0.4,1.0,0.355,1.5,4.1,0.355,0.1,0.2,0.286,1.0,2.9,0.335,40.5,2.2,0.2,0.6,4.5,5.4,7.8,166.0,176.3,4.3,2.4,3.4,96.8,79.6,0.0,0.6,0.0,0.2,0.231,0.377,89.0,6.7,12.1,0.552,2.0,4.7,0.295,499.0,1.3,2.9,0.44,0.9,0.4,0.716,5.4,9.2,0.5870000000000001,1.1,4.3,0.196,56.2,36.6,1.8,1.8,2.0,0.261,0.401,4215.0,1.2,1.0,2.9,0.341,0.498,250.0
202702,DEN,Kenneth Faried,67.0,25.3,0.9,0.5,3.0,5.3,0.573,60.0,0.6,0.4,0.6,0.355,0.7,26.0,41.0,12.5,5.0,0.62,0.5,0.39,0.2,0.333,0.5,3.5,0.6,0.4,0.558,0.0,0.2,0.167,0.3,0.9,0.373,0.0,0.0,,0.0,0.0,0.5,28.1,1.2,0.1,0.4,2.3,2.9,5.5,79.0,116.0,4.1,1.7,3.3,62.8,53.2,0.0,0.1,0.0,0.0,,0.333,16.0,8.7,15.3,0.5660000000000001,4.1,4.5,0.47700000000000004,581.0,3.5,7.0,0.501,2.7,0.8,0.762,5.2,8.3,0.621,1.5,3.7,0.28300000000000003,41.1,22.8,1.0,5.2,2.0,0.303,0.546,2753.0,0.2,0.0,0.0,0.5,0.402,33.0
202703,CHI,Nikola Mirotic,66.0,24.9,0.7,0.9,2.1,4.2,0.509,46.0,1.2,0.8,1.2,0.417,1.5,51.0,81.0,11.8,1.6,0.536,6.2,0.415,0.7,0.221,0.5,1.3,5.1,1.3,0.518,0.4,1.2,0.321,2.1,5.5,0.374,0.3,0.6,0.436,1.8,4.6,0.386,32.7,1.5,0.1,0.5,2.7,3.6,6.9,100.0,113.5,4.1,1.7,3.3,60.9,52.6,0.0,0.3,0.1,0.4,0.172,0.25,43.0,5.5,9.2,0.593,1.5,4.0,0.271,362.0,0.9,1.8,0.496,0.6,0.3,0.672,4.6,7.5,0.617,0.9,3.7,0.19399999999999998,45.7,28.1,1.2,1.9,0.6,0.258,0.419,3017.0,2.1,2.0,4.6,0.423,0.607,409.0
202704,DET,Reggie Jackson,79.0,30.8,0.1,0.7,1.6,2.5,0.653,11.0,10.6,7.5,12.9,0.492,11.7,590.0,837.0,18.8,0.2,0.75,1.8,0.36,6.1,0.387,6.1,0.1,1.7,6.7,0.482,1.3,3.5,0.378,1.9,5.2,0.377,0.2,0.7,0.293,1.3,3.5,0.363,50.9,6.2,0.5,1.3,11.4,14.7,22.9,492.0,166.2,4.1,2.1,3.3,90.4,75.7,0.0,2.6,0.9,2.5,0.35,0.453,482.0,3.2,6.5,0.493,0.6,2.6,0.20199999999999999,253.0,0.7,1.6,0.46,0.4,0.3,0.534,2.5,4.9,0.504,0.3,2.2,0.10300000000000001,75.5,65.1,7.5,0.2,0.5,0.25,0.29,5964.0,0.6,0.6,1.6,0.368,0.529,144.0
202709,TOR,Cory Joseph,79.0,25.5,0.3,0.8,0.9,2.0,0.458,20.0,7.2,3.9,7.8,0.451,7.4,312.0,569.0,8.3,0.2,0.625,1.2,0.375,1.7,0.347,3.3,0.1,1.1,2.4,0.458,0.4,1.2,0.362,0.8,2.4,0.351,0.1,0.2,0.312,0.3,1.2,0.269,46.2,3.1,0.2,0.7,6.8,7.6,14.2,246.0,148.6,4.4,1.9,3.5,83.4,65.3,0.0,0.8,0.0,0.3,0.04,0.35,133.0,2.6,6.2,0.426,0.6,2.0,0.24600000000000002,207.0,0.5,1.5,0.32799999999999996,0.2,0.2,0.5,2.1,4.7,0.457,0.4,1.7,0.18899999999999997,58.8,51.3,4.9,1.0,0.7,0.142,0.162,4644.0,0.4,0.4,1.0,0.346,0.534,94.0
202710,CHI,Jimmy Butler,67.0,36.9,0.6,1.6,1.9,3.5,0.532,43.0,7.4,5.0,9.1,0.484,6.5,333.0,494.0,20.9,2.9,0.697,2.4,0.341,4.6,0.362,3.2,1.8,2.7,5.9,0.485,1.6,4.3,0.37,1.6,4.6,0.343,0.3,0.8,0.327,0.7,2.3,0.307,44.8,4.8,0.3,1.0,9.8,11.3,14.6,321.0,176.6,4.3,2.6,3.4,95.4,81.2,0.0,2.1,0.4,1.1,0.333,0.394,309.0,5.3,10.9,0.491,1.4,3.9,0.268,358.0,1.2,2.7,0.439,0.8,0.4,0.6709999999999999,4.2,8.2,0.508,0.6,3.5,0.154,68.1,59.5,4.1,3.2,1.6,0.306,0.351,4566.0,0.9,0.6,1.9,0.298,0.442,161.0
202711,BKN,Bojan Bogdanovic,79.0,26.8,0.1,0.4,1.3,2.1,0.65,5.0,2.5,1.5,2.6,0.352,2.7,117.0,198.0,11.2,0.6,0.5,4.2,0.394,1.9,0.371,1.6,0.6,3.7,2.1,0.519,0.6,1.5,0.367,1.7,4.3,0.393,0.2,0.7,0.283,1.4,3.6,0.4,19.5,1.3,0.2,0.3,2.5,3.0,5.4,99.0,147.5,4.2,1.9,3.3,78.3,69.3,0.0,0.8,0.3,0.8,0.354,0.44,147.0,3.2,5.4,0.593,0.6,2.6,0.184,255.0,0.5,1.2,0.387,0.2,0.2,0.528,2.8,4.3,0.65,0.4,2.4,0.128,32.4,26.6,1.1,1.0,1.6,0.347,0.422,2557.0,1.4,1.3,3.4,0.389,0.576,333.0
202720,PHX,Jon Leuer,67.0,18.8,0.4,0.6,2.2,4.3,0.507,30.0,1.6,1.0,1.7,0.422,2.6,68.0,107.0,8.5,1.6,0.672,2.8,0.382,0.6,0.396,1.0,1.0,2.9,0.7,0.526,0.3,0.9,0.367,1.1,2.8,0.382,0.0,0.1,0.286,0.6,1.5,0.388,26.8,1.1,0.0,0.3,2.2,2.6,6.6,72.0,91.8,4.4,1.4,3.5,49.1,42.7,0.0,0.3,0.0,0.0,0.0,0.396,38.0,5.6,11.2,0.499,1.8,3.8,0.319,373.0,1.1,3.4,0.335,0.8,0.3,0.7240000000000001,4.4,7.8,0.57,1.0,3.5,0.215,36.4,18.9,0.8,1.8,2.0,0.232,0.448,2441.0,1.1,0.6,1.6,0.404,0.492,188.0
202730,IND,Lavoy Allen,79.0,20.3,0.5,0.3,1.7,3.5,0.5,42.0,0.1,0.1,0.1,0.5,0.2,7.0,9.0,5.4,1.9,0.579,1.1,0.37,0.1,0.6,0.1,1.4,1.5,0.1,0.516,0.1,0.2,0.211,0.6,1.4,0.386,0.0,0.0,,0.0,0.0,,26.2,1.0,0.2,0.4,2.1,2.4,5.8,76.0,108.7,4.1,1.4,3.3,57.8,51.0,0.0,0.0,0.0,0.0,,0.6,6.0,5.4,11.1,0.484,2.5,2.9,0.45799999999999996,424.0,2.1,4.9,0.415,1.4,0.7,0.667,3.3,6.2,0.539,1.1,2.2,0.32799999999999996,33.1,18.5,0.7,2.9,2.7,0.164,0.292,2617.0,0.6,0.0,0.0,,0.37,88.0
203076,NOP,Anthony Davis,61.0,35.6,2.0,1.3,2.9,6.1,0.477,125.0,1.4,1.5,1.8,0.525,2.0,91.0,86.0,24.3,5.0,0.691,5.1,0.427,2.6,0.373,1.0,2.9,5.3,3.4,0.508,1.0,2.7,0.361,2.8,6.6,0.423,0.0,0.1,0.25,0.5,1.6,0.33,43.1,1.9,0.2,0.3,3.9,4.6,6.3,116.0,141.9,3.9,2.3,3.1,75.1,66.8,0.0,1.3,0.0,0.1,0.286,0.378,158.0,10.3,15.7,0.657,3.4,6.9,0.33299999999999996,627.0,2.1,4.0,0.539,1.6,0.5,0.762,8.1,11.7,0.696,1.8,6.3,0.221,68.0,43.9,1.9,4.5,6.4,0.357,0.553,4149.0,2.3,0.5,1.6,0.333,0.478,309.0
203080,BKN,Thomas Robinson,71.0,13.0,0.5,0.5,1.8,3.6,0.506,36.0,0.5,0.3,0.4,0.478,1.3,24.0,37.0,4.3,1.2,0.655,0.1,0.156,0.1,0.192,0.3,0.8,0.5,0.4,0.447,0.1,0.3,0.318,0.1,0.6,0.1,0.0,0.0,,0.0,0.0,0.0,17.5,0.6,0.0,0.1,1.0,1.5,5.4,46.0,64.4,4.2,0.9,3.4,34.8,29.6,0.0,0.1,0.0,0.0,,0.192,10.0,5.1,9.5,0.531,2.3,2.8,0.44799999999999995,359.0,1.9,4.3,0.449,1.6,0.4,0.816,3.1,5.3,0.598,0.7,2.4,0.22399999999999998,23.9,10.9,0.6,1.5,1.4,0.181,0.397,1696.0,0.1,0.0,0.0,0.0,0.156,10.0
203083,DET,Andre Drummond,81.0,33.0,1.4,1.5,4.4,8.4,0.525,112.0,0.7,0.4,0.7,0.293,0.6,33.0,60.0,16.2,7.0,0.579,0.4,0.577,0.3,0.289,0.5,5.5,0.3,0.5,0.522,0.2,0.6,0.38,0.1,0.3,0.48,0.0,0.0,1.0,0.0,0.0,0.0,26.8,0.8,0.1,0.4,2.0,2.1,3.0,67.0,172.5,3.9,2.1,3.1,89.8,82.7,0.0,0.1,0.0,0.0,0.25,0.303,23.0,14.8,22.1,0.6679999999999999,6.4,8.4,0.431,1198.0,4.9,8.1,0.598,4.0,0.9,0.81,9.9,14.0,0.7090000000000001,2.4,7.5,0.244,44.7,24.0,1.2,7.9,2.4,0.363,0.677,3620.0,0.2,0.0,0.0,0.5,0.596,31.0
203084,GSW,Harrison Barnes,66.0,31.0,0.2,0.6,2.0,3.3,0.595,10.0,1.2,1.0,1.4,0.429,1.5,63.0,81.0,11.7,1.7,0.605,4.3,0.406,1.8,0.434,0.7,1.2,3.8,2.1,0.531,0.4,1.2,0.355,2.2,4.9,0.439,0.0,0.2,0.143,1.2,3.0,0.4,30.2,1.8,0.1,0.9,3.3,4.5,7.0,117.0,149.2,4.4,2.3,3.5,79.5,69.7,0.0,0.9,0.0,0.1,0.25,0.441,120.0,4.9,9.8,0.503,1.5,3.4,0.314,325.0,1.2,2.6,0.445,0.8,0.3,0.701,3.8,7.2,0.524,0.7,3.0,0.19399999999999998,42.7,29.2,1.2,2.0,2.0,0.275,0.402,2816.0,1.5,1.2,3.1,0.394,0.566,282.0
203086,POR,Meyers Leonard,61.0,21.8,0.3,0.1,2.0,3.9,0.525,18.0,0.5,0.2,0.6,0.467,0.5,15.0,28.0,8.4,0.7,0.667,5.5,0.434,0.9,0.433,0.2,0.5,4.8,1.0,0.547,0.3,0.8,0.353,2.2,5.0,0.438,0.0,0.3,0.188,1.4,3.5,0.392,29.7,1.5,0.2,0.3,3.2,3.7,8.2,92.0,85.2,3.8,1.4,3.1,46.7,38.5,0.0,0.4,0.1,0.2,0.286,0.467,56.0,5.1,8.7,0.591,1.5,3.6,0.294,314.0,0.8,1.6,0.51,0.5,0.3,0.647,4.3,7.0,0.609,1.0,3.3,0.225,39.2,23.4,0.9,1.1,2.3,0.213,0.359,2394.0,2.1,1.3,3.4,0.394,0.576,334.0
203089,MIL,John Henson,57.0,16.9,1.9,0.3,2.3,5.4,0.423,109.0,0.2,0.1,0.2,0.167,0.2,4.0,14.0,7.0,3.9,0.611,0.1,0.4,0.1,0.25,0.1,2.8,0.2,0.2,0.564,0.1,0.3,0.4,0.0,0.2,0.111,0.0,0.0,,0.0,0.0,0.0,15.4,0.9,0.1,0.3,2.0,2.2,6.3,54.0,65.0,4.1,1.1,3.2,32.9,32.1,0.0,0.1,0.0,0.0,,0.25,6.0,3.9,8.8,0.43799999999999994,2.0,1.9,0.516,221.0,1.5,3.6,0.42,1.2,0.3,0.7929999999999999,2.4,5.2,0.451,0.8,1.6,0.336,23.3,15.5,0.5,4.8,3.4,0.299,0.45,1328.0,0.1,0.0,0.0,0.0,0.4,8.0
203090,POR,Maurice Harkless,78.0,18.7,0.4,0.6,1.0,2.2,0.476,35.0,1.6,1.2,1.6,0.447,3.0,90.0,128.0,6.4,1.1,0.69,1.5,0.293,0.2,0.231,1.0,0.7,1.7,0.3,0.522,0.1,0.3,0.348,0.5,1.8,0.277,0.0,0.2,0.231,0.5,1.6,0.283,16.8,0.9,0.0,0.3,1.8,2.1,5.4,67.0,106.3,4.4,1.4,3.5,57.8,48.5,0.0,0.1,0.0,0.1,0.125,0.25,13.0,3.6,6.4,0.56,1.3,2.3,0.364,280.0,1.3,2.6,0.508,0.8,0.5,0.594,2.3,3.9,0.595,0.5,1.8,0.235,23.9,15.5,0.6,1.3,0.6,0.267,0.412,1868.0,0.5,0.5,1.6,0.281,0.429,114.0
203092,BOS,Tyler Zeller,59.0,11.9,0.4,0.2,1.9,3.6,0.526,22.0,0.4,0.3,0.4,0.5,1.4,20.0,25.0,6.1,2.2,0.522,1.0,0.353,0.0,0.0,0.2,1.5,1.4,0.1,0.476,0.0,0.1,0.333,0.5,1.5,0.326,0.0,0.0,,0.0,0.0,,13.3,0.5,0.1,0.3,1.2,1.2,4.8,29.0,49.4,4.2,0.8,3.4,26.3,23.1,0.0,0.0,0.0,0.0,,0.0,0.0,3.0,6.8,0.434,1.4,1.6,0.469,175.0,1.1,2.7,0.39,0.8,0.2,0.774,1.9,4.1,0.46299999999999997,0.6,1.3,0.301,20.1,13.5,0.5,2.3,2.2,0.303,0.45,1186.0,0.5,0.0,0.0,,0.353,60.0
203093,HOU,Terrence Jones,50.0,21.0,0.8,0.5,2.3,4.4,0.516,39.0,1.8,1.2,1.7,0.344,2.8,61.0,91.0,8.7,2.0,0.6,1.5,0.368,0.3,0.179,1.2,1.4,1.5,0.6,0.486,0.1,0.3,0.231,0.6,1.9,0.337,0.0,0.2,0.125,0.5,1.4,0.338,23.7,0.8,0.1,0.3,1.6,2.1,4.9,41.0,71.4,4.1,1.4,3.3,37.4,34.0,0.0,0.1,0.1,0.3,0.2,0.232,13.0,4.2,8.7,0.486,2.0,2.3,0.46399999999999997,211.0,1.2,3.0,0.408,0.9,0.4,0.6940000000000001,3.0,5.6,0.528,1.1,1.9,0.369,33.8,19.1,1.0,2.3,1.4,0.257,0.454,1691.0,0.6,0.4,1.2,0.323,0.5,76.0
203094,ORL,Andrew Nicholson,55.0,14.9,0.4,0.2,1.6,2.9,0.55,22.0,0.8,0.9,1.1,0.633,2.8,48.0,45.0,7.0,1.4,0.54,2.2,0.356,0.4,0.478,0.5,1.1,2.1,0.4,0.541,0.1,0.3,0.389,0.9,2.3,0.395,0.0,0.0,0.5,0.7,2.0,0.37,14.6,0.5,0.0,0.1,1.1,1.2,3.8,25.0,55.2,4.0,1.0,3.2,29.2,25.9,0.0,0.2,0.0,0.1,0.333,0.5,23.0,3.7,7.1,0.514,1.3,2.3,0.368,201.0,0.6,1.9,0.33299999999999996,0.4,0.2,0.647,3.0,5.3,0.578,0.9,2.1,0.311,22.1,12.3,0.6,1.6,0.3,0.317,0.568,1213.0,0.8,0.7,1.9,0.368,0.521,123.0
203095,ORL,Evan Fournier,78.0,32.5,0.0,1.2,1.3,2.1,0.596,2.0,5.7,4.0,6.7,0.488,5.9,311.0,445.0,15.3,0.9,0.612,4.7,0.406,2.4,0.346,3.2,0.6,4.0,2.8,0.542,0.3,1.2,0.278,2.3,5.7,0.4,0.1,0.4,0.2,1.9,4.6,0.416,31.7,2.7,0.2,0.6,5.7,6.0,8.9,211.0,187.0,4.4,2.4,3.5,102.6,84.4,0.0,1.0,0.5,1.3,0.366,0.431,187.0,2.8,5.7,0.49700000000000005,0.7,2.2,0.23,222.0,0.4,1.3,0.32,0.2,0.2,0.469,2.4,4.4,0.5479999999999999,0.5,2.0,0.18899999999999997,48.5,41.1,1.8,1.3,1.3,0.315,0.372,3780.0,1.6,1.5,3.6,0.413,0.591,370.0
203096,BOS,Jared Sullinger,80.0,23.8,0.6,0.9,3.0,5.6,0.541,46.0,1.2,0.9,1.3,0.403,1.8,71.0,99.0,10.4,1.6,0.483,3.5,0.379,0.6,0.333,0.8,1.5,4.1,0.9,0.454,0.2,0.5,0.317,1.7,4.7,0.365,0.0,0.1,0.0,0.3,1.2,0.287,33.3,2.3,0.2,0.6,5.0,5.6,11.2,185.0,121.4,3.8,1.5,3.1,62.9,58.5,0.0,0.3,0.0,0.1,0.125,0.34,49.0,8.4,14.0,0.597,3.5,4.9,0.418,670.0,2.4,4.7,0.519,1.8,0.6,0.732,6.0,9.4,0.636,1.7,4.2,0.29,46.6,29.5,1.2,2.6,3.5,0.222,0.351,3732.0,1.6,0.4,1.1,0.311,0.421,278.0
203101,MIL,Miles Plumlee,61.0,14.3,0.8,0.3,2.3,4.5,0.518,50.0,0.2,0.1,0.1,0.571,0.5,9.0,10.0,5.1,3.2,0.679,0.1,0.6,0.1,0.286,0.1,2.2,0.1,0.1,0.601,0.0,0.1,0.167,0.1,0.2,0.5,0.0,0.0,,0.0,0.0,,13.9,0.3,0.0,0.2,1.1,0.6,1.9,16.0,62.9,4.3,1.0,3.5,32.6,30.3,0.0,0.0,0.0,0.0,,0.286,4.0,3.8,8.0,0.473,1.8,2.0,0.466,232.0,1.5,3.4,0.45399999999999996,1.1,0.4,0.723,2.3,4.6,0.488,0.7,1.6,0.29,19.4,9.8,0.5,3.3,2.2,0.266,0.523,1182.0,0.0,0.0,0.0,,0.6,6.0
203105,GSW,Festus Ezeli,46.0,16.8,1.1,0.4,2.8,6.3,0.435,50.0,0.1,0.1,0.1,1.0,0.2,3.0,5.0,7.0,4.7,0.669,0.1,0.25,0.1,0.4,0.0,3.0,0.3,0.1,0.548,0.1,0.2,0.4,0.0,0.2,0.125,0.0,0.0,,0.0,0.0,,18.5,0.7,0.0,0.3,1.2,1.8,5.2,32.0,55.5,4.3,1.2,3.5,29.4,26.1,0.0,0.0,0.0,0.0,,0.4,4.0,5.6,10.9,0.513,2.6,3.0,0.467,257.0,2.0,4.3,0.455,1.4,0.5,0.725,3.6,6.5,0.551,1.2,2.4,0.325,25.6,13.8,0.5,5.0,0.9,0.272,0.504,1177.0,0.1,0.0,0.0,,0.25,6.0
203109,BOS,Jae Crowder,72.0,31.7,0.5,1.7,1.7,2.6,0.635,35.0,2.2,1.9,2.6,0.429,2.9,139.0,156.0,14.1,1.3,0.655,5.1,0.374,1.6,0.316,1.3,0.8,4.9,2.2,0.517,0.5,1.7,0.315,2.0,5.4,0.37,0.2,0.9,0.286,1.4,4.0,0.344,34.2,1.8,0.2,0.5,3.9,4.2,6.3,129.0,156.4,4.1,2.2,3.3,81.0,75.4,0.0,0.7,0.2,0.7,0.245,0.358,113.0,5.1,9.0,0.573,1.2,3.9,0.23199999999999998,370.0,1.0,2.0,0.496,0.4,0.6,0.371,4.2,7.0,0.594,0.8,3.3,0.2,48.7,33.7,1.1,1.2,0.7,0.29,0.42,3506.0,1.8,1.5,4.1,0.355,0.524,367.0
203110,GSW,Draymond Green,81.0,34.7,1.4,1.5,3.0,6.4,0.466,113.0,3.5,2.6,4.4,0.474,3.5,208.0,284.0,14.0,2.1,0.67,3.6,0.39,0.3,0.3,1.9,1.2,3.1,0.5,0.551,0.1,0.5,0.289,1.3,3.4,0.381,0.0,0.2,0.267,1.2,3.0,0.395,64.0,7.4,0.8,1.5,13.4,17.9,24.7,598.0,181.0,3.9,2.2,3.1,95.7,85.3,0.0,0.1,0.0,0.1,0.4,0.35,28.0,9.5,15.1,0.628,3.5,6.0,0.368,769.0,1.7,3.0,0.547,1.3,0.4,0.7759999999999999,7.8,12.1,0.649,2.2,5.6,0.282,81.2,53.4,2.6,2.7,2.1,0.172,0.262,6581.0,1.2,1.1,2.9,0.394,0.573,291.0
203112,SAC,Quincy Acy,58.0,15.0,0.4,0.5,1.4,2.8,0.515,24.0,0.3,0.2,0.3,0.556,0.7,12.0,17.0,5.3,1.6,0.729,1.4,0.416,0.1,0.2,0.2,0.8,1.3,0.2,0.607,0.0,0.1,0.25,0.6,1.5,0.414,0.0,0.0,0.0,0.3,0.8,0.396,14.5,0.5,0.0,0.1,1.0,1.1,3.4,27.0,61.8,4.3,1.1,3.4,32.2,29.6,0.0,0.0,0.0,0.1,0.333,0.25,5.0,3.2,7.3,0.442,1.3,1.9,0.396,187.0,1.1,3.0,0.37200000000000005,0.8,0.3,0.7190000000000001,2.1,4.3,0.49,0.5,1.6,0.228,19.3,9.9,0.3,1.4,0.7,0.272,0.533,1122.0,0.6,0.3,0.8,0.378,0.526,81.0
203114,MIL,Khris Middleton,79.0,36.1,0.2,1.7,1.2,2.0,0.59,19.0,4.4,2.7,5.4,0.503,3.6,216.0,346.0,18.2,0.4,0.486,5.1,0.427,5.1,0.391,1.9,0.4,4.2,6.2,0.507,2.3,6.1,0.368,2.1,4.7,0.455,0.5,1.8,0.286,1.3,2.8,0.466,35.9,4.2,0.6,0.9,7.1,9.2,12.2,331.0,194.4,4.1,2.5,3.3,102.2,92.2,0.0,2.4,0.3,1.0,0.278,0.414,404.0,3.8,6.2,0.621,0.9,2.9,0.242,302.0,0.6,1.0,0.5429999999999999,0.3,0.3,0.5,3.3,5.1,0.637,0.6,2.6,0.198,56.6,47.6,2.7,0.8,2.4,0.321,0.382,4473.0,1.8,1.5,3.4,0.443,0.606,406.0
203115,DEN,Will Barton,82.0,28.8,0.5,0.9,1.6,3.0,0.551,39.0,5.3,3.9,6.2,0.43,6.5,321.0,433.0,14.4,0.6,0.667,3.0,0.351,2.9,0.36,3.3,0.4,3.0,3.5,0.489,0.8,2.3,0.358,1.5,4.2,0.356,0.3,0.9,0.338,1.0,3.0,0.347,31.3,2.5,0.3,0.8,5.3,5.8,9.6,203.0,163.8,4.2,2.0,3.3,90.2,73.6,0.0,1.3,0.4,1.3,0.318,0.42,240.0,5.8,9.9,0.584,1.2,4.6,0.21100000000000002,476.0,0.7,1.9,0.376,0.4,0.3,0.61,5.1,8.0,0.634,0.8,4.3,0.154,48.7,38.6,2.4,0.8,0.9,0.295,0.372,3992.0,1.0,0.9,2.6,0.358,0.51,247.0
203124,NYK,Kyle O'Quinn,65.0,11.8,0.8,0.3,1.8,3.8,0.472,49.0,0.2,0.1,0.2,0.4,0.3,5.0,13.0,4.8,1.4,0.607,1.3,0.421,0.4,0.48,0.1,0.9,1.5,0.4,0.485,0.1,0.3,0.222,0.9,2.1,0.437,0.0,0.0,0.0,0.1,0.3,0.238,21.3,1.1,0.1,0.2,2.1,2.5,10.3,72.0,50.2,3.9,0.8,3.2,27.5,22.7,0.0,0.2,0.0,0.0,0.5,0.5,25.0,3.8,7.0,0.5489999999999999,1.6,2.2,0.424,250.0,1.2,2.2,0.524,0.9,0.3,0.763,2.7,4.8,0.561,0.7,1.9,0.276,27.4,15.3,0.7,1.8,3.1,0.174,0.31,1779.0,0.6,0.0,0.2,0.143,0.432,82.0
203138,PHI,Hollis Thompson,77.0,28.0,0.3,0.5,1.2,2.2,0.514,24.0,2.4,1.4,2.9,0.446,2.4,110.0,188.0,9.8,0.5,0.731,6.1,0.387,0.7,0.294,1.2,0.3,5.5,1.1,0.507,0.4,1.7,0.225,2.1,4.9,0.416,0.2,1.0,0.195,1.7,4.0,0.421,21.9,1.3,0.2,0.3,2.6,3.2,5.4,99.0,154.9,4.3,2.0,3.4,83.0,72.0,0.0,0.3,0.0,0.2,0.2,0.312,53.0,3.5,6.4,0.552,0.8,2.7,0.235,272.0,0.7,1.5,0.462,0.4,0.3,0.519,2.8,4.9,0.58,0.5,2.4,0.165,33.1,25.6,0.8,0.7,0.5,0.297,0.384,2548.0,2.1,1.9,4.8,0.391,0.559,471.0
203141,PHX,Mirza Teletovic,79.0,21.4,0.3,0.4,2.2,3.9,0.552,21.0,1.7,1.1,1.9,0.414,2.5,89.0,135.0,12.2,1.0,0.667,6.7,0.4,1.1,0.333,0.9,0.6,5.8,1.3,0.544,0.7,2.4,0.299,2.1,5.0,0.423,0.5,1.4,0.333,1.8,4.4,0.412,30.3,1.1,0.1,0.3,2.4,2.8,6.2,89.0,116.7,4.1,1.5,3.3,65.4,51.3,0.0,0.4,0.2,0.4,0.4,0.4,84.0,3.8,7.5,0.508,1.3,2.5,0.33399999999999996,302.0,0.7,1.8,0.387,0.5,0.2,0.727,3.1,5.7,0.545,0.8,2.4,0.247,43.3,24.7,1.0,1.2,1.0,0.282,0.495,3424.0,2.3,2.1,5.3,0.396,0.58,531.0
203145,ATL,Kent Bazemore,75.0,27.8,0.5,1.3,1.1,2.0,0.543,38.0,4.4,2.8,4.7,0.434,4.8,208.0,327.0,11.6,1.1,0.581,3.8,0.399,1.3,0.277,2.3,0.8,3.3,1.8,0.517,0.2,0.7,0.255,1.6,4.5,0.368,0.1,0.3,0.174,1.4,3.8,0.372,33.6,2.3,0.2,0.8,4.0,5.2,9.0,171.0,152.9,4.4,2.0,3.5,77.9,75.0,0.0,0.5,0.3,0.9,0.268,0.347,95.0,5.1,8.6,0.588,0.7,4.3,0.145,379.0,0.4,0.9,0.43799999999999994,0.2,0.2,0.5710000000000001,4.7,7.7,0.604,0.5,4.2,0.111,47.6,36.4,1.6,1.3,0.3,0.244,0.319,3571.0,1.3,1.2,3.1,0.391,0.581,288.0
203210,MEM,JaMychal Green,78.0,18.6,0.4,0.6,1.2,2.5,0.474,33.0,0.5,0.2,0.3,0.304,0.5,16.0,37.0,7.4,2.1,0.568,1.7,0.383,0.2,0.28,0.3,1.4,2.0,0.3,0.48,0.1,0.3,0.32,0.8,2.2,0.372,0.0,0.0,0.667,0.2,0.5,0.31,22.4,0.9,0.2,0.1,1.9,2.1,5.3,67.0,101.5,4.2,1.3,3.4,53.4,48.0,0.0,0.1,0.0,0.0,0.5,0.3,15.0,4.8,8.9,0.537,2.2,2.6,0.466,373.0,1.8,3.8,0.46299999999999997,1.5,0.3,0.8420000000000001,3.0,5.1,0.5920000000000001,0.7,2.3,0.244,31.2,17.8,0.6,2.5,2.6,0.238,0.416,2431.0,0.8,0.2,0.6,0.326,0.429,132.0
203382,DET,Aron Baynes,81.0,15.3,0.6,0.3,2.6,5.0,0.515,52.0,0.0,0.0,0.0,0.5,0.1,2.0,4.0,6.3,3.3,0.635,0.9,0.419,0.1,0.364,0.0,2.1,1.1,0.1,0.505,0.1,0.2,0.278,0.4,1.0,0.432,0.0,0.0,,0.0,0.0,0.0,11.7,0.6,0.0,0.2,1.4,1.6,4.9,51.0,82.3,4.0,1.0,3.2,44.1,38.2,0.0,0.0,0.0,0.0,0.0,0.364,8.0,4.7,9.5,0.501,2.1,2.6,0.451,384.0,1.7,3.9,0.439,1.3,0.5,0.736,3.0,5.5,0.545,0.9,2.1,0.287,18.2,12.0,0.4,3.3,3.3,0.349,0.528,1473.0,0.4,0.0,0.0,0.0,0.419,72.0
203457,PHI,Nerlens Noel,67.0,29.3,1.5,1.8,3.9,8.1,0.484,100.0,1.4,0.8,1.3,0.444,1.4,56.0,96.0,11.1,4.6,0.706,0.7,0.296,0.4,0.28,0.7,2.9,1.2,0.7,0.522,0.1,0.4,0.179,0.6,1.6,0.339,0.0,0.0,,0.0,0.0,0.5,40.9,1.8,0.2,0.3,3.8,4.4,7.2,122.0,135.7,4.1,2.0,3.3,73.4,62.3,0.0,0.2,0.0,0.0,0.0,0.28,28.0,8.1,16.1,0.504,3.1,5.0,0.38,542.0,2.3,5.5,0.415,1.6,0.7,0.708,5.8,10.5,0.55,1.4,4.3,0.25,54.9,30.1,1.4,4.7,4.2,0.203,0.371,3675.0,0.4,0.0,0.0,1.0,0.302,49.0
203458,PHX,Alex Len,78.0,23.4,0.8,0.5,2.9,5.7,0.503,62.0,0.3,0.2,0.3,0.583,0.5,19.0,22.0,9.0,4.1,0.488,1.4,0.35,0.2,0.258,0.2,3.1,2.1,0.4,0.424,0.1,0.5,0.256,0.8,2.3,0.341,0.0,0.0,0.0,0.0,0.1,0.167,27.1,1.2,0.0,0.3,2.5,3.0,6.1,97.0,122.3,4.0,1.6,3.2,65.9,56.4,0.0,0.1,0.0,0.0,0.0,0.258,16.0,7.6,14.2,0.537,3.2,4.5,0.414,594.0,2.3,5.4,0.425,1.8,0.5,0.787,5.3,8.8,0.605,1.4,4.0,0.255,39.3,20.3,0.9,5.5,3.3,0.23,0.445,3062.0,0.7,0.0,0.1,0.2,0.353,113.0
203468,POR,CJ McCollum,80.0,34.7,0.3,1.2,1.1,2.0,0.551,23.0,7.9,4.8,9.2,0.453,6.6,381.0,635.0,20.8,0.5,0.606,5.0,0.436,8.4,0.447,4.2,0.4,3.9,8.4,0.517,2.0,5.2,0.379,3.6,7.4,0.484,0.5,1.7,0.306,2.0,4.2,0.463,45.9,4.3,0.7,1.3,8.8,10.4,14.4,341.0,205.7,4.4,2.6,3.6,118.1,87.6,0.0,3.8,0.9,2.3,0.392,0.499,675.0,3.2,5.8,0.5579999999999999,0.7,2.5,0.22399999999999998,259.0,0.6,1.5,0.395,0.2,0.4,0.38299999999999995,2.6,4.3,0.614,0.5,2.2,0.18899999999999997,70.4,60.5,5.0,0.6,0.9,0.296,0.344,5629.0,1.7,1.6,3.6,0.439,0.635,399.0
203469,CHA,Cody Zeller,73.0,24.4,0.9,0.8,2.8,5.9,0.481,63.0,0.8,0.6,0.9,0.4,1.2,46.0,59.0,8.7,3.1,0.619,0.6,0.304,0.1,0.111,0.5,1.8,0.9,0.2,0.53,0.1,0.1,0.444,0.3,1.1,0.244,0.0,0.0,,0.0,0.1,0.1,19.5,1.0,0.1,0.5,2.3,2.4,4.8,71.0,131.2,4.4,1.8,3.5,72.4,58.7,0.0,0.0,0.0,0.0,0.0,0.111,4.0,6.2,12.8,0.486,2.2,4.0,0.35200000000000004,455.0,1.9,4.8,0.392,1.3,0.6,0.667,4.3,8.0,0.542,0.9,3.4,0.215,28.3,17.5,0.6,3.4,3.5,0.309,0.498,2068.0,0.3,0.0,0.1,0.111,0.312,43.0
203476,MIN,Gorgui Dieng,82.0,27.1,1.2,1.1,3.7,7.1,0.526,96.0,0.4,0.3,0.5,0.588,0.6,28.0,29.0,10.1,3.7,0.605,1.9,0.446,0.6,0.393,0.2,2.3,2.0,0.7,0.537,0.2,0.6,0.358,1.0,2.4,0.443,0.0,0.0,1.0,0.0,0.2,0.222,28.9,1.7,0.2,0.3,3.1,4.1,7.3,143.0,146.6,4.0,1.8,3.2,76.9,69.7,0.0,0.3,0.0,0.0,0.0,0.393,48.0,7.1,13.6,0.523,2.4,4.7,0.34,585.0,1.9,4.2,0.451,1.2,0.7,0.637,5.2,9.4,0.556,1.2,4.0,0.231,40.1,21.9,1.0,4.0,5.3,0.251,0.46,3289.0,0.9,0.1,0.2,0.333,0.464,154.0
203482,BOS,Kelly Olynyk,68.0,20.2,0.5,0.8,2.2,4.0,0.55,33.0,2.2,1.4,2.5,0.451,3.4,96.0,147.0,9.8,1.7,0.629,3.5,0.395,0.8,0.256,1.3,1.0,3.0,1.3,0.524,0.1,0.6,0.136,1.5,3.6,0.399,0.0,0.1,0.1,1.2,2.8,0.424,30.6,1.5,0.2,0.3,3.3,3.6,8.5,101.0,97.0,4.2,1.4,3.4,53.5,43.5,0.0,0.3,0.1,0.4,0.36,0.308,53.0,4.1,8.8,0.465,1.4,2.7,0.34299999999999997,277.0,1.0,2.9,0.355,0.8,0.2,0.7609999999999999,3.0,5.8,0.52,0.6,2.4,0.19899999999999998,41.5,25.0,0.9,1.8,1.7,0.236,0.392,2825.0,1.2,1.1,2.6,0.41,0.573,235.0
203486,POR,Mason Plumlee,82.0,25.4,1.0,0.8,4.2,7.9,0.526,85.0,1.3,0.6,1.1,0.362,1.1,47.0,107.0,9.1,2.8,0.603,0.1,0.286,0.3,0.438,0.6,1.8,0.3,0.4,0.516,0.0,0.3,0.095,0.2,0.4,0.5,0.0,0.0,0.0,0.0,0.0,0.0,31.7,2.8,0.2,0.5,5.6,6.8,12.9,226.0,144.9,4.2,1.8,3.3,79.2,65.7,0.0,0.2,0.0,0.0,0.0,0.438,28.0,7.7,16.3,0.47100000000000003,2.7,5.0,0.349,628.0,2.5,6.6,0.371,1.6,0.9,0.642,5.2,9.6,0.54,1.1,4.1,0.21100000000000002,43.5,27.1,1.3,3.6,5.3,0.21,0.338,3566.0,0.1,0.0,0.0,0.0,0.286,12.0
203490,WAS,Otto Porter Jr.,75.0,30.4,0.4,1.4,1.3,2.3,0.555,32.0,1.5,0.9,1.8,0.5,1.5,70.0,115.0,11.6,1.2,0.582,5.2,0.425,1.4,0.405,0.6,0.9,4.7,1.7,0.541,0.3,0.8,0.345,2.4,5.8,0.424,0.1,0.3,0.35,1.2,3.3,0.368,25.9,1.6,0.2,0.5,2.9,3.7,5.8,120.0,168.2,4.4,2.2,3.5,87.8,80.4,0.0,0.7,0.0,0.2,0.133,0.412,108.0,5.2,9.5,0.547,1.7,3.5,0.327,391.0,1.3,3.0,0.435,0.8,0.5,0.608,3.9,6.6,0.598,0.9,3.0,0.235,38.2,25.3,1.0,1.5,1.1,0.304,0.46,2867.0,2.0,1.3,3.3,0.383,0.56,393.0
203496,PHI,Robert Covington,67.0,28.5,0.6,1.6,2.2,3.9,0.562,40.0,3.8,2.0,3.9,0.377,3.4,136.0,252.0,12.8,0.6,0.567,7.1,0.376,0.6,0.19,1.7,0.4,6.3,1.2,0.504,0.9,2.6,0.333,1.8,5.1,0.356,0.8,2.3,0.344,1.7,4.9,0.358,36.9,1.4,0.1,0.3,3.0,3.4,5.7,97.0,133.6,4.2,2.0,3.4,72.0,61.6,0.0,0.2,0.1,0.8,0.185,0.253,40.0,6.3,11.9,0.526,1.9,4.4,0.298,419.0,1.0,2.6,0.37799999999999995,0.6,0.4,0.615,5.3,9.3,0.5660000000000001,1.3,4.0,0.24,52.5,31.5,1.3,0.8,0.7,0.244,0.406,3517.0,2.4,2.3,6.2,0.378,0.56,476.0
203497,UTA,Rudy Gobert,61.0,31.7,2.2,0.7,3.4,8.2,0.41,135.0,0.5,0.2,0.5,0.294,0.4,15.0,30.0,9.1,4.2,0.676,0.2,0.385,0.0,0.0,0.3,2.4,0.2,0.0,0.559,0.0,0.1,0.167,0.1,0.2,0.385,0.0,0.0,,0.0,0.0,,48.9,1.5,0.1,0.4,3.4,3.6,5.4,91.0,133.9,4.2,2.2,3.3,74.5,59.4,0.0,0.0,0.0,0.0,,0.0,0.0,11.0,18.9,0.58,4.5,6.5,0.409,668.0,3.4,7.0,0.486,2.8,0.6,0.8170000000000001,7.5,11.9,0.635,1.7,5.9,0.22399999999999998,60.0,35.4,1.4,4.7,7.3,0.152,0.258,3662.0,0.1,0.0,0.0,,0.385,10.0
203500,OKC,Steven Adams,80.0,25.2,1.1,0.5,3.0,6.2,0.489,89.0,0.1,0.0,0.0,0.0,0.0,1.0,10.0,8.0,4.5,0.717,0.2,0.538,0.0,0.0,0.0,2.7,0.2,0.0,0.613,0.0,0.1,0.286,0.1,0.1,0.455,0.0,0.0,,0.0,0.0,,37.1,0.8,0.1,0.4,1.7,1.8,3.4,62.0,141.5,4.2,1.8,3.4,77.6,63.9,0.0,0.0,0.0,0.0,,0.0,0.0,6.7,14.0,0.475,3.0,3.6,0.45799999999999996,533.0,2.7,6.1,0.446,2.2,0.6,0.785,3.9,7.9,0.498,0.9,3.0,0.22899999999999998,45.3,16.7,0.8,4.6,2.4,0.175,0.475,3626.0,0.1,0.0,0.0,,0.538,14.0
203506,ORL,Victor Oladipo,71.0,32.9,0.8,1.6,1.5,2.8,0.531,54.0,4.9,3.1,5.2,0.407,4.5,218.0,350.0,15.9,1.0,0.705,3.5,0.362,4.4,0.416,2.7,0.6,3.4,5.0,0.486,1.0,2.5,0.402,2.3,6.1,0.383,0.2,0.4,0.367,1.1,3.4,0.332,39.3,3.9,0.2,0.9,7.4,9.0,13.1,276.0,173.4,4.5,2.4,3.6,93.1,80.4,0.0,2.1,0.3,0.9,0.306,0.442,315.0,4.8,9.1,0.525,1.2,3.6,0.251,339.0,0.7,1.5,0.456,0.4,0.3,0.5529999999999999,4.1,7.6,0.5379999999999999,0.8,3.3,0.20199999999999999,59.0,51.4,3.5,1.0,2.0,0.269,0.309,4192.0,1.2,1.0,2.9,0.355,0.512,246.0
203507,MIL,Giannis Antetokounmpo,80.0,35.3,1.4,1.2,2.5,5.1,0.499,113.0,7.2,5.0,8.2,0.515,6.8,403.0,579.0,16.9,2.4,0.65,1.4,0.31,1.4,0.306,3.7,1.5,1.8,2.2,0.52,0.2,0.8,0.283,1.0,3.3,0.309,0.0,0.1,0.286,0.3,1.3,0.255,49.2,4.3,0.3,0.8,8.1,9.6,13.0,345.0,193.0,4.1,2.4,3.3,102.8,90.2,0.0,0.7,0.0,0.3,0.19,0.318,110.0,7.6,13.3,0.5760000000000001,2.4,5.2,0.317,612.0,1.4,3.1,0.45,1.0,0.4,0.735,6.2,10.1,0.615,1.4,4.8,0.222,69.4,52.1,3.6,3.0,3.0,0.243,0.324,5552.0,0.6,0.3,1.1,0.267,0.391,111.0
203530,DEN,Joffrey Lauvergne,59.0,17.7,0.3,0.2,1.9,3.6,0.526,15.0,0.6,0.3,0.6,0.32,0.8,18.0,36.0,7.9,2.8,0.652,1.8,0.409,0.1,0.267,0.4,1.9,1.9,0.3,0.53,0.1,0.2,0.333,0.8,2.1,0.384,0.0,0.0,0.0,0.2,0.9,0.25,22.8,0.9,0.1,0.2,1.9,2.3,6.2,56.0,71.7,4.1,1.2,3.3,38.8,32.9,0.0,0.1,0.0,0.0,0.0,0.267,8.0,4.9,9.5,0.52,1.6,3.3,0.324,290.0,1.3,3.3,0.397,0.9,0.4,0.688,3.6,6.2,0.585,0.7,2.9,0.192,31.5,16.6,0.8,2.8,2.1,0.25,0.474,1861.0,0.8,0.2,0.9,0.255,0.465,107.0
203903,LAL,Jordan Clarkson,79.0,32.4,0.1,1.1,1.3,2.0,0.623,7.0,5.9,4.1,6.4,0.438,6.1,323.0,463.0,15.5,1.0,0.603,3.0,0.349,4.3,0.397,3.7,0.8,3.1,4.8,0.483,1.0,2.9,0.339,2.0,5.0,0.399,0.3,0.9,0.282,1.2,3.2,0.365,38.8,2.4,0.3,0.5,4.9,5.9,8.8,192.0,185.0,4.3,2.3,3.5,101.0,84.0,0.0,1.9,0.5,1.4,0.352,0.447,338.0,4.0,7.9,0.5,1.1,2.9,0.275,313.0,1.2,2.8,0.419,0.6,0.5,0.5379999999999999,2.8,5.1,0.545,0.5,2.3,0.16399999999999998,58.3,48.3,3.9,1.5,0.8,0.266,0.321,4606.0,1.1,0.9,2.6,0.341,0.494,238.0
203924,PHI,Jerami Grant,77.0,26.9,1.6,0.7,2.2,4.8,0.46,127.0,4.2,2.9,4.1,0.453,5.1,221.0,320.0,9.7,2.1,0.564,1.5,0.265,0.2,0.188,2.2,1.2,2.0,0.4,0.448,0.1,0.4,0.321,0.5,2.1,0.234,0.1,0.2,0.333,0.4,1.7,0.227,33.9,1.8,0.1,0.4,3.6,4.3,7.7,135.0,150.8,4.4,2.0,3.5,81.7,69.1,0.0,0.1,0.0,0.1,0.143,0.203,13.0,4.7,9.4,0.499,1.8,2.9,0.38,361.0,1.3,2.8,0.467,0.9,0.4,0.7070000000000001,3.4,6.6,0.512,0.9,2.5,0.256,46.6,29.3,1.2,2.6,2.7,0.209,0.332,3589.0,0.5,0.4,1.8,0.246,0.377,114.0
203932,ORL,Aaron Gordon,77.0,24.2,0.7,0.8,1.9,3.6,0.527,55.0,1.6,1.3,1.9,0.442,2.7,103.0,127.0,9.3,1.7,0.621,1.8,0.323,0.9,0.351,1.0,1.1,2.1,1.2,0.509,0.2,0.7,0.302,0.9,2.7,0.332,0.0,0.2,0.0,0.5,1.7,0.326,29.1,1.7,0.2,0.4,2.8,3.8,7.5,128.0,139.5,4.5,1.8,3.6,77.3,62.2,0.0,0.4,0.0,0.2,0.167,0.362,68.0,6.6,10.9,0.602,2.6,4.0,0.39299999999999996,506.0,2.0,3.7,0.535,1.6,0.4,0.7859999999999999,4.6,7.2,0.637,1.0,3.6,0.222,39.5,21.9,1.0,2.0,1.1,0.236,0.427,3042.0,0.7,0.5,1.7,0.312,0.449,142.0
203939,DAL,Dwight Powell,69.0,14.4,0.3,0.5,1.5,3.1,0.493,24.0,0.4,0.2,0.4,0.294,0.5,11.0,30.0,5.8,2.6,0.708,1.0,0.307,0.1,0.273,0.2,1.4,1.7,0.2,0.497,0.0,0.2,0.176,0.5,1.6,0.324,0.0,0.0,0.0,0.0,0.2,0.143,20.6,0.6,0.1,0.1,1.5,1.6,5.4,44.0,73.7,4.5,1.1,3.6,40.9,32.8,0.0,0.0,0.0,0.0,,0.273,6.0,4.0,8.0,0.495,1.4,2.6,0.344,273.0,1.2,3.1,0.396,0.9,0.3,0.726,2.7,4.9,0.556,0.5,2.3,0.175,27.0,12.9,0.5,2.3,1.7,0.214,0.447,1866.0,0.5,0.0,0.2,0.125,0.316,72.0
203943,POR,Noah Vonleh,78.0,15.0,0.3,0.3,1.2,2.4,0.481,26.0,0.6,0.4,0.6,0.414,1.2,30.0,49.0,3.6,0.7,0.531,0.9,0.302,0.1,0.273,0.4,0.6,1.2,0.1,0.441,0.0,0.1,0.222,0.4,1.3,0.301,0.0,0.0,0.0,0.1,0.6,0.244,17.8,0.4,0.1,0.1,1.0,1.0,3.2,30.0,84.0,4.3,1.1,3.4,46.2,37.8,0.0,0.0,0.0,0.0,0.0,0.273,6.0,3.9,8.0,0.486,1.5,2.4,0.377,305.0,1.2,3.1,0.379,0.8,0.4,0.6809999999999999,2.7,5.0,0.5529999999999999,0.7,2.1,0.248,22.6,9.6,0.4,1.2,1.1,0.161,0.376,1759.0,0.4,0.1,0.6,0.25,0.359,69.0
203944,LAL,Julius Randle,81.0,28.3,0.4,0.7,2.6,4.7,0.563,29.0,4.1,2.8,4.3,0.399,4.7,226.0,335.0,11.3,1.7,0.543,0.9,0.297,0.8,0.236,2.7,1.2,1.4,1.5,0.435,0.2,0.6,0.271,0.6,2.5,0.261,0.0,0.0,0.5,0.1,0.4,0.265,42.0,1.8,0.1,0.3,4.0,4.5,7.6,144.0,153.2,4.0,1.9,3.2,85.0,68.2,0.0,0.4,0.0,0.1,0.25,0.248,61.0,10.2,18.1,0.565,3.5,6.7,0.341,829.0,2.1,5.6,0.38,1.6,0.6,0.733,8.1,12.5,0.647,1.9,6.2,0.239,57.1,29.7,2.1,2.0,3.4,0.199,0.382,4626.0,0.4,0.1,0.3,0.304,0.329,73.0
203952,MIN,Andrew Wiggins,81.0,35.1,0.6,1.0,1.4,2.6,0.541,46.0,5.2,4.3,6.3,0.485,5.9,351.0,420.0,20.7,2.5,0.592,2.4,0.384,3.9,0.338,2.8,1.5,2.3,5.6,0.481,1.2,3.9,0.308,1.7,4.4,0.383,0.0,0.3,0.091,0.7,2.1,0.327,23.1,2.0,0.2,0.6,4.2,4.7,6.4,164.0,189.8,4.0,2.3,3.2,101.4,88.5,0.0,1.9,0.1,0.7,0.214,0.351,316.0,3.6,7.3,0.491,1.5,2.1,0.42100000000000004,292.0,1.3,3.3,0.39299999999999996,1.0,0.3,0.745,2.3,4.0,0.5720000000000001,0.5,1.8,0.237,46.1,40.4,1.9,2.5,3.0,0.449,0.512,3731.0,0.9,0.6,1.6,0.352,0.503,191.0
203953,MIL,Jabari Parker,76.0,31.7,0.4,0.9,2.1,3.8,0.561,29.0,3.6,2.6,3.9,0.449,4.0,199.0,277.0,14.1,3.1,0.671,1.7,0.355,1.6,0.337,2.2,1.9,2.3,2.3,0.498,0.3,1.1,0.256,1.4,3.7,0.367,0.0,0.0,0.333,0.1,0.4,0.25,36.4,1.7,0.2,0.5,3.0,3.9,6.0,130.0,177.1,4.4,2.3,3.5,93.5,83.6,0.0,0.8,0.0,0.1,0.286,0.343,122.0,5.2,10.7,0.485,1.8,3.4,0.34700000000000003,395.0,1.6,4.0,0.40700000000000003,1.0,0.6,0.602,3.6,6.7,0.531,0.8,2.8,0.23199999999999998,52.6,30.2,1.3,3.2,3.2,0.268,0.466,3996.0,0.8,0.1,0.4,0.25,0.375,129.0
203960,TOTAL,JaKarr Sampson,73.0,15.9,0.5,0.3,1.0,2.1,0.48,33.0,2.7,1.8,2.7,0.455,5.4,130.0,197.0,5.1,0.8,0.611,0.6,0.234,0.3,0.321,1.4,0.5,0.9,0.4,0.464,0.1,0.3,0.368,0.2,1.0,0.237,0.0,0.1,0.25,0.2,0.8,0.22,11.5,0.6,0.0,0.2,1.3,1.6,4.8,46.0,84.3,4.4,1.2,3.5,44.3,40.0,0.0,0.1,0.0,0.1,0.4,0.357,20.0,2.6,5.1,0.515,0.9,1.7,0.342,190.0,0.6,1.5,0.414,0.4,0.2,0.696,2.0,3.5,0.5579999999999999,0.5,1.5,0.22899999999999998,18.2,14.5,0.6,0.9,0.5,0.281,0.353,1331.0,0.2,0.2,0.8,0.211,0.328,42.0
203991,HOU,Clint Capela,77.0,19.1,1.2,0.8,3.0,6.1,0.493,92.0,0.2,0.1,0.3,0.571,0.3,10.0,17.0,7.0,3.4,0.628,0.0,0.0,0.0,,0.1,2.4,0.0,0.0,0.582,0.0,0.0,0.0,0.0,0.0,0.0,0.0,0.0,0.0,0.0,0.0,,21.0,0.6,0.0,0.3,1.4,1.4,3.6,47.0,105.0,4.3,1.4,3.4,54.0,51.0,0.0,0.0,0.0,0.0,,,0.0,6.4,12.7,0.504,3.3,3.2,0.508,494.0,2.5,5.2,0.48,2.0,0.5,0.799,3.9,7.5,0.52,1.2,2.6,0.32,28.6,12.6,0.6,3.6,1.3,0.246,0.559,2206.0,0.0,0.0,0.0,0.0,0.0,0.0
203994,DEN,Jusuf Nurkic,32.0,17.1,1.4,0.8,2.8,4.8,0.586,44.0,0.2,0.2,0.3,0.75,0.5,6.0,5.0,8.2,3.9,0.481,0.6,0.385,0.1,0.5,0.1,3.2,0.8,0.1,0.417,0.1,0.2,0.5,0.2,0.7,0.348,0.0,0.0,,0.0,0.1,0.0,23.8,1.2,0.2,0.3,2.3,3.0,8.4,40.0,37.4,4.1,1.2,3.3,19.8,17.5,0.0,0.0,0.0,0.0,,0.5,2.0,5.5,10.5,0.519,2.6,2.9,0.469,175.0,2.0,4.3,0.46799999999999997,1.8,0.3,0.862,3.4,6.2,0.556,0.8,2.6,0.23600000000000002,34.7,18.8,0.8,5.2,2.2,0.237,0.436,1110.0,0.3,0.0,0.1,0.0,0.385,20.0
203999,DEN,Nikola Jokic,80.0,21.7,0.6,1.0,2.7,5.6,0.493,50.0,0.4,0.2,0.4,0.333,0.5,17.0,33.0,10.0,3.5,0.62,1.5,0.41,0.4,0.359,0.3,2.3,1.5,0.5,0.535,0.2,0.4,0.424,0.7,1.9,0.393,0.0,0.0,,0.4,1.0,0.333,32.2,2.4,0.2,0.3,4.2,5.5,12.2,189.0,119.3,4.1,1.5,3.3,65.0,54.3,0.0,0.2,0.0,0.1,0.0,0.359,28.0,7.0,13.6,0.513,2.8,4.2,0.4,560.0,2.3,5.4,0.423,1.7,0.6,0.74,4.7,8.3,0.5720000000000001,1.1,3.6,0.237,43.5,24.2,1.2,4.4,3.6,0.229,0.411,3481.0,0.6,0.3,0.8,0.368,0.517,121.0
204001,NYK,Kristaps Porzingis,72.0,28.4,1.9,0.7,3.3,7.0,0.477,134.0,1.3,0.8,1.3,0.333,1.4,60.0,91.0,14.3,2.3,0.534,5.1,0.391,1.4,0.343,0.8,1.6,5.2,2.0,0.467,0.8,2.5,0.343,2.1,5.3,0.397,0.0,0.2,0.133,1.1,3.2,0.346,40.6,1.3,0.2,0.4,2.6,3.3,5.5,94.0,138.2,4.0,1.9,3.2,75.9,62.3,0.0,0.7,0.0,0.2,0.2,0.353,101.0,7.3,13.1,0.5589999999999999,2.6,4.7,0.361,526.0,1.8,3.8,0.48700000000000004,1.3,0.6,0.6890000000000001,5.5,9.3,0.588,1.4,4.1,0.251,57.9,36.4,1.4,2.7,4.1,0.246,0.393,4171.0,2.0,1.1,3.1,0.345,0.495,367.0
2199,PHX,Tyson Chandler,66.0,24.5,0.7,0.5,2.9,5.5,0.536,44.0,0.1,0.0,0.2,0.2,0.1,2.0,9.0,7.2,3.8,0.675,0.1,0.133,0.0,0.0,0.1,2.4,0.5,0.1,0.583,0.0,0.0,0.0,0.1,0.5,0.143,0.0,0.0,,0.0,0.0,0.0,33.4,1.0,0.2,0.4,2.6,2.4,4.6,64.0,104.2,3.9,1.6,3.1,55.0,49.2,0.0,0.0,0.0,0.0,,0.0,0.0,8.7,15.2,0.575,3.0,5.7,0.34700000000000003,576.0,2.7,5.4,0.489,1.8,0.8,0.691,6.1,9.7,0.624,1.2,4.9,0.19699999999999998,41.4,21.1,0.9,4.3,3.9,0.173,0.339,2735.0,0.1,0.0,0.0,0.0,0.133,8.0
2200,CHI,Pau Gasol,72.0,31.8,2.0,0.6,4.9,10.7,0.463,146.0,1.5,1.5,1.9,0.507,2.3,108.0,110.0,16.5,2.5,0.559,6.2,0.495,0.7,0.302,1.0,1.8,6.0,1.2,0.481,0.5,1.5,0.324,3.0,6.2,0.481,0.0,0.1,0.25,0.3,0.9,0.354,56.6,4.1,0.5,0.7,7.6,9.6,14.5,294.0,146.9,3.8,2.0,3.1,79.9,66.9,0.0,0.4,0.0,0.0,0.0,0.302,52.0,11.0,18.8,0.584,3.5,7.5,0.319,793.0,2.2,4.3,0.505,1.5,0.6,0.703,8.9,14.6,0.608,2.0,6.9,0.226,77.0,46.2,2.0,3.6,7.2,0.214,0.357,5545.0,3.0,0.3,0.9,0.365,0.522,449.0
2216,MEM,Zach Randolph,68.0,29.7,0.2,0.6,3.3,5.6,0.58,13.0,1.5,1.3,1.6,0.478,2.1,89.0,101.0,15.3,3.2,0.552,2.0,0.427,1.1,0.448,1.0,2.6,2.3,1.3,0.479,0.2,0.6,0.289,1.9,4.5,0.431,0.0,0.0,0.0,0.1,0.3,0.261,32.5,2.1,0.2,0.4,4.4,5.2,8.4,142.0,128.3,3.8,1.9,3.0,67.8,60.5,0.0,0.6,0.0,0.1,0.0,0.448,78.0,7.8,15.9,0.489,3.5,4.3,0.44799999999999995,529.0,2.6,6.7,0.39399999999999996,2.1,0.5,0.804,5.1,9.2,0.5579999999999999,1.4,3.8,0.266,50.6,33.8,1.7,4.5,4.4,0.302,0.453,3440.0,1.0,0.1,0.3,0.263,0.443,139.0
2403,WAS,Nene,57.0,19.2,0.5,0.9,2.2,4.4,0.504,26.0,0.6,0.5,0.8,0.647,1.4,31.0,34.0,9.2,3.8,0.622,1.2,0.429,0.4,0.435,0.3,2.4,1.4,0.4,0.544,0.1,0.2,0.273,0.8,2.1,0.398,0.0,0.0,0.0,0.0,0.0,0.0,22.0,1.7,0.2,0.2,3.3,3.8,9.6,97.0,72.4,4.0,1.3,3.2,36.4,35.9,0.0,0.2,0.0,0.0,,0.435,20.0,4.5,8.4,0.542,1.4,3.2,0.305,259.0,0.9,2.3,0.40299999999999997,0.6,0.3,0.635,3.6,6.1,0.593,0.8,2.8,0.222,32.5,21.4,0.9,4.9,3.5,0.284,0.43,1851.0,0.6,0.0,0.0,0.0,0.429,66.0
2405,MIA,Amar'e Stoudemire,52.0,14.7,0.8,0.4,2.0,4.0,0.505,41.0,0.0,0.0,0.0,,0.0,0.0,0.0,5.8,2.9,0.622,0.6,0.429,0.1,0.6,0.0,1.9,0.7,0.1,0.566,0.1,0.2,0.5,0.3,0.7,0.459,0.0,0.0,,0.0,0.0,,13.2,0.5,0.0,0.1,1.0,1.2,3.8,27.0,50.5,4.0,1.0,3.2,27.2,23.3,0.0,0.1,0.0,0.0,,0.6,6.0,4.3,8.3,0.512,1.7,2.6,0.387,222.0,1.2,3.1,0.40399999999999997,1.0,0.2,0.8,3.0,5.2,0.575,0.7,2.4,0.217,19.6,11.5,0.5,3.0,2.2,0.294,0.5,1019.0,0.3,0.0,0.0,,0.429,30.0
2440,MEM,Matt Barnes,76.0,28.9,0.8,1.0,1.4,2.4,0.573,57.0,1.2,0.8,1.3,0.351,1.3,58.0,92.0,10.0,1.0,0.508,4.4,0.331,0.8,0.289,0.8,0.9,4.5,1.1,0.467,0.3,0.8,0.317,1.6,5.0,0.319,0.2,0.6,0.302,1.4,4.3,0.324,38.3,2.1,0.2,0.5,4.0,4.7,7.9,163.0,155.0,4.2,2.0,3.4,85.7,69.3,0.0,0.3,0.1,0.6,0.227,0.349,58.0,5.5,9.6,0.5760000000000001,1.5,4.0,0.267,419.0,1.1,2.5,0.44,0.7,0.4,0.643,4.4,7.1,0.625,0.8,3.6,0.17300000000000001,51.1,32.2,1.2,1.2,1.6,0.195,0.31,3884.0,1.5,1.4,4.1,0.338,0.487,332.0
2449,TOR,Luis Scola,75.0,21.6,0.3,0.6,1.8,3.1,0.569,25.0,1.5,0.9,1.3,0.377,1.9,65.0,109.0,8.7,1.3,0.603,3.1,0.377,0.5,0.366,1.0,1.0,3.1,0.5,0.502,0.2,0.6,0.304,1.2,3.1,0.383,0.1,0.2,0.312,0.8,1.9,0.401,31.0,0.9,0.2,0.5,1.8,2.3,5.0,66.0,115.4,4.3,1.5,3.4,64.8,50.6,0.0,0.2,0.1,0.1,0.625,0.427,35.0,4.8,9.3,0.514,1.8,2.9,0.38299999999999995,358.0,1.1,2.8,0.395,0.8,0.3,0.687,3.7,6.5,0.565,1.1,2.6,0.29100000000000004,41.3,25.7,1.0,1.5,2.2,0.211,0.339,3096.0,1.2,0.8,2.0,0.385,0.498,235.0
2544,CLE,LeBron James,76.0,35.6,0.6,1.4,1.0,2.0,0.516,49.0,9.2,7.1,11.4,0.545,9.5,538.0,700.0,25.3,2.7,0.679,1.7,0.346,4.3,0.332,4.8,1.8,1.8,5.6,0.551,0.7,2.3,0.306,2.0,5.7,0.356,0.1,0.6,0.233,1.0,3.1,0.325,50.1,6.8,0.7,1.3,13.3,17.1,23.1,514.0,173.6,3.8,2.3,3.1,94.3,79.2,0.0,1.9,0.6,2.1,0.291,0.386,330.0,7.4,10.1,0.74,2.1,5.3,0.285,565.0,1.5,2.2,0.677,1.0,0.5,0.6579999999999999,6.0,7.9,0.757,1.2,4.8,0.19399999999999998,78.3,65.9,5.1,3.4,3.5,0.322,0.384,5954.0,0.6,0.4,1.3,0.337,0.474,126.0
2546,NYK,Carmelo Anthony,72.0,35.2,0.5,0.9,1.2,2.2,0.538,38.0,2.0,1.8,2.8,0.488,2.4,127.0,142.0,21.8,1.7,0.551,4.5,0.411,6.8,0.404,1.2,1.1,4.4,7.8,0.474,2.6,6.8,0.378,2.8,6.3,0.433,0.4,1.4,0.327,1.0,2.9,0.344,42.5,4.2,0.4,0.8,7.8,10.0,13.7,299.0,159.9,3.8,2.2,3.0,87.7,72.2,0.0,3.2,0.5,1.7,0.283,0.434,490.0,7.7,11.1,0.698,1.9,5.8,0.243,556.0,1.4,2.7,0.508,1.0,0.4,0.735,6.4,8.4,0.76,0.9,5.5,0.138,67.6,56.6,3.3,2.2,5.4,0.323,0.386,4866.0,1.8,1.0,2.5,0.381,0.521,327.0
2547,MIA,Chris Bosh,53.0,33.6,0.6,0.7,2.6,5.2,0.513,34.0,2.2,2.3,3.0,0.548,3.3,122.0,117.0,19.1,2.4,0.746,7.3,0.427,1.8,0.366,1.2,1.2,6.8,2.5,0.52,0.9,2.5,0.376,3.2,7.6,0.423,0.1,0.5,0.214,1.4,3.7,0.387,43.8,2.4,0.1,0.5,4.9,5.6,7.9,128.0,111.5,3.8,2.1,3.0,60.6,50.9,0.0,0.9,0.0,0.1,0.286,0.374,98.0,7.4,12.0,0.614,2.1,5.2,0.287,390.0,0.9,1.9,0.466,0.6,0.3,0.667,6.5,10.0,0.643,1.5,4.9,0.23399999999999999,64.1,44.0,2.0,2.2,8.2,0.297,0.433,3395.0,2.9,1.5,4.0,0.374,0.536,387.0
2561,SAS,David West,78.0,18.0,0.7,0.6,1.9,3.9,0.482,55.0,0.4,0.2,0.4,0.316,0.5,15.0,30.0,7.1,2.2,0.636,2.6,0.521,0.3,0.382,0.2,1.6,2.4,0.4,0.548,0.2,0.3,0.583,1.3,2.7,0.483,0.0,0.0,0.0,0.0,0.1,0.6,22.4,1.8,0.2,0.3,3.3,4.2,11.2,143.0,88.3,3.8,1.1,3.0,47.8,40.4,0.0,0.2,0.0,0.0,0.0,0.382,26.0,4.0,7.6,0.521,1.4,2.5,0.366,309.0,0.9,2.1,0.447,0.7,0.3,0.722,3.0,5.5,0.5489999999999999,0.8,2.3,0.257,30.3,19.4,0.7,2.8,3.8,0.235,0.367,2360.0,1.3,0.0,0.1,0.5,0.529,199.0
2564,SAS,Boris Diaw,76.0,18.2,0.3,0.3,1.5,2.9,0.518,21.0,1.7,1.1,2.2,0.5,2.8,80.0,126.0,6.4,1.9,0.714,1.2,0.374,0.4,0.333,0.9,1.2,1.2,0.6,0.56,0.1,0.2,0.312,0.6,1.6,0.377,0.0,0.0,,0.3,0.9,0.362,30.1,2.3,0.2,0.5,4.3,5.5,14.5,176.0,97.3,4.2,1.3,3.4,54.6,42.7,0.0,0.2,0.1,0.1,0.571,0.378,34.0,3.1,6.0,0.511,1.1,1.9,0.365,233.0,0.8,1.9,0.406,0.5,0.3,0.603,2.3,4.1,0.5589999999999999,0.7,1.6,0.28600000000000003,37.7,24.6,1.1,2.7,2.4,0.169,0.259,2866.0,0.4,0.3,0.8,0.339,0.489,89.0
2585,DAL,Zaza Pachulia,76.0,26.4,0.3,0.8,3.8,7.4,0.52,22.0,0.5,0.3,0.5,0.357,0.6,25.0,35.0,8.6,3.7,0.572,0.9,0.298,0.1,0.312,0.2,2.3,1.5,0.2,0.466,0.1,0.2,0.316,0.5,1.6,0.294,0.0,0.0,0.0,0.0,0.0,0.0,31.0,1.7,0.1,0.5,3.6,4.1,7.4,128.0,132.4,4.0,1.7,3.2,69.6,62.8,0.0,0.1,0.0,0.0,0.0,0.312,10.0,9.4,18.4,0.513,4.2,5.2,0.44799999999999995,718.0,3.3,7.6,0.429,2.6,0.7,0.779,6.2,10.8,0.573,1.7,4.5,0.273,42.0,23.8,1.0,4.4,6.7,0.204,0.359,3194.0,0.4,0.0,0.0,,0.298,68.0
2594,ATL,Kyle Korver,80.0,30.1,0.4,0.8,1.8,3.1,0.568,35.0,0.2,0.1,0.2,0.333,0.2,9.0,20.0,9.2,0.4,0.591,5.8,0.422,2.2,0.45,0.2,0.3,4.9,2.1,0.563,1.0,2.7,0.391,2.0,4.5,0.444,0.5,1.5,0.359,1.4,3.5,0.416,23.4,2.0,0.2,0.6,3.5,4.7,7.5,164.0,171.9,4.3,2.1,3.4,91.5,80.5,0.0,1.0,0.3,0.8,0.364,0.52,178.0,3.2,7.4,0.43799999999999994,0.7,2.6,0.204,260.0,0.2,0.4,0.41200000000000003,0.0,0.1,0.28600000000000003,3.1,7.0,0.44,0.6,2.5,0.19899999999999998,33.3,25.7,0.7,0.9,0.7,0.278,0.359,2663.0,2.1,1.7,4.0,0.414,0.593,466.0
2730,HOU,Dwight Howard,71.0,32.2,1.6,1.0,3.6,7.2,0.497,113.0,0.3,0.1,0.2,0.375,0.2,10.0,20.0,13.7,7.6,0.67,0.0,0.143,0.0,0.0,0.1,4.8,0.1,0.1,0.62,0.0,0.1,0.0,0.0,0.2,0.182,0.0,0.0,0.0,0.0,0.1,0.0,39.4,1.4,0.1,0.5,2.9,3.4,5.0,98.0,145.0,3.8,2.0,3.0,74.9,70.0,0.0,0.0,0.0,0.0,0.0,0.0,0.0,11.8,19.4,0.606,4.2,7.5,0.358,835.0,3.4,6.6,0.507,2.4,0.9,0.727,8.4,12.8,0.657,1.8,6.6,0.21100000000000002,53.4,26.7,1.4,8.4,2.7,0.258,0.516,3789.0,0.0,0.0,0.0,0.0,0.143,2.0
2736,MIA,Luol Deng,74.0,32.4,0.4,1.0,2.2,4.0,0.565,29.0,2.3,1.6,2.6,0.488,2.4,119.0,173.0,12.3,1.9,0.571,3.9,0.357,1.1,0.303,1.1,1.4,3.9,1.6,0.514,0.3,1.1,0.25,1.6,4.5,0.358,0.1,0.4,0.296,1.1,3.1,0.349,40.5,1.9,0.1,0.5,3.5,4.5,6.7,140.0,169.7,4.2,2.3,3.4,94.1,75.5,0.0,0.5,0.1,0.3,0.318,0.332,81.0,6.0,11.1,0.5379999999999999,1.9,4.1,0.312,443.0,1.5,3.0,0.48200000000000004,1.0,0.4,0.6940000000000001,4.5,8.1,0.5589999999999999,0.9,3.7,0.188,54.0,30.5,1.3,2.4,1.5,0.228,0.403,3995.0,1.4,1.1,3.1,0.351,0.498,285.0
2743,TOTAL,Kris Humphries,53.0,15.8,0.4,0.3,2.0,3.7,0.541,23.0,0.8,0.3,0.6,0.318,1.0,17.0,40.0,6.5,0.8,0.419,2.9,0.359,0.3,0.348,0.4,0.6,3.2,0.4,0.468,0.1,0.4,0.333,1.2,3.3,0.367,0.0,0.1,0.0,0.6,1.9,0.33,23.3,0.7,0.0,0.4,1.6,1.5,4.7,36.0,59.6,4.3,1.1,3.4,31.9,27.7,0.0,0.2,0.0,0.1,0.0,0.348,16.0,4.1,8.5,0.486,1.6,2.5,0.39,218.0,1.1,2.8,0.385,0.8,0.3,0.737,3.0,5.7,0.535,0.8,2.2,0.267,31.2,16.3,0.6,1.4,1.7,0.207,0.398,1656.0,1.2,0.6,1.9,0.33,0.459,156.0
2744,CHA,Al Jefferson,47.0,23.4,0.9,0.6,3.0,5.4,0.551,41.0,0.0,0.0,0.0,,0.0,0.0,0.0,12.0,4.5,0.533,2.1,0.467,0.6,0.333,0.0,3.5,2.2,1.0,0.485,0.4,1.4,0.254,1.4,2.5,0.546,0.0,0.0,,0.0,0.0,,18.5,1.5,0.2,0.2,2.8,3.6,7.3,70.0,71.4,3.9,1.5,3.1,38.2,33.2,0.0,0.3,0.0,0.0,,0.333,30.0,6.4,11.4,0.564,1.7,4.7,0.259,301.0,1.2,2.6,0.46,0.8,0.4,0.684,5.2,8.7,0.595,0.8,4.4,0.16,31.6,21.1,1.0,5.4,2.6,0.378,0.568,1487.0,1.0,0.0,0.0,,0.467,98.0
2746,TOTAL,Josh Smith,55.0,16.0,0.9,0.6,1.7,3.8,0.448,47.0,1.4,0.8,1.4,0.439,2.3,42.0,77.0,6.0,0.9,0.467,2.1,0.282,0.4,0.216,0.7,0.8,2.6,0.7,0.423,0.0,0.3,0.118,0.9,3.1,0.288,0.0,0.2,0.0,0.7,2.4,0.306,21.9,1.6,0.2,0.3,3.2,4.0,11.9,90.0,55.3,3.8,1.0,3.0,28.7,26.6,0.0,0.1,0.1,0.4,0.227,0.284,21.0,3.5,7.3,0.479,1.6,1.9,0.45799999999999996,192.0,0.9,2.3,0.408,0.6,0.3,0.667,2.6,5.0,0.511,1.0,1.6,0.38299999999999995,31.4,19.7,0.9,1.5,1.5,0.192,0.307,1725.0,0.7,0.6,2.1,0.291,0.401,114.0
2772,HOU,Trevor Ariza,81.0,35.4,0.3,2.0,1.1,2.1,0.533,26.0,3.8,1.7,3.7,0.375,2.3,139.0,311.0,12.7,0.5,0.636,5.7,0.382,1.6,0.306,1.7,0.3,5.0,2.1,0.523,0.3,1.4,0.234,2.3,6.0,0.391,0.2,1.0,0.228,2.1,5.2,0.398,37.3,2.3,0.3,0.7,5.0,5.8,7.9,188.0,190.4,4.0,2.4,3.2,95.6,94.8,0.0,0.7,0.3,1.1,0.307,0.384,133.0,4.5,8.6,0.523,1.2,3.3,0.265,366.0,0.8,2.1,0.392,0.4,0.4,0.537,3.7,6.5,0.565,0.8,2.9,0.204,51.5,38.3,1.4,0.9,0.7,0.246,0.33,4170.0,1.9,1.9,4.9,0.379,0.568,461.0
